elapsed_time(s),inner_steps,outer_steps,pd_gap
2.5733e-5,0,1,0.01689531624479761
0.442979,1600,11,0.015388038203978717
0.454126,3200,21,0.014373171261717168
0.456527,4800,31,0.013776361310725564
0.460221,6400,41,0.012092831581439407
0.463895,8000,51,0.010684047494387651
0.47079,9680,61,0.009767877556954227
0.472602,11280,71,0.00882224193103389
0.474393,12880,81,0.00801342382865093
0.476176,14480,91,0.007414670310138727
0.478307,16080,101,0.006973174994385177
0.480108,17680,111,0.006611117606878478
0.481922,19280,121,0.006333190076177445
0.48375,20880,131,0.0061074861185018165
0.485811,22480,141,0.005951378314995998
0.487594,24080,151,0.005676847228342935
0.48955,25680,161,0.005279932524441698
0.491379,27280,171,0.004949464089390329
0.493452,28880,181,0.004843215688589548
0.495248,30480,191,0.00457688531400934
0.497023,32080,201,0.004343643788098537
0.498801,33680,211,0.004233274873833272
0.500851,35280,221,0.004144001267126645
0.50264,36880,231,0.003916421096547827
0.504419,38480,241,0.0037544900106656048
0.506211,40080,251,0.003694427378804821
0.508242,41680,261,0.0035393463573502627
0.509997,43280,271,0.0033830315592423797
0.511977,44880,281,0.0032932508821722443
0.51378,46480,291,0.0032149034062895696
0.515824,48080,301,0.003072048734121223
0.517558,49680,311,0.0029715741148590834
0.519263,51280,321,0.002845706705099189
0.521012,52880,331,0.00274370466375274
0.523034,54480,341,0.002665501725988237
0.524772,56080,351,0.0026090750826799243
0.526495,57680,361,0.002500143005290346
0.528303,59280,371,0.002399224264088229
0.530339,60880,381,0.002320561536634772
0.532095,62480,391,0.002260847333581525
0.533847,64080,401,0.0021907658905657833
0.535602,65680,411,0.0020965806104562713
0.537644,67280,421,0.0020204330429954304
0.539421,68880,431,0.0019620951565279994
0.541254,70480,441,0.0019052533258564607
0.543035,72080,451,0.0018189812668017533
0.545184,73680,461,0.0017848066762228918
0.54698,75280,471,0.001761985031719291
0.548759,76880,481,0.0017505200702756588
0.550545,78480,491,0.0017154846742980633
0.552592,80080,501,0.001676401978722578
0.55437,81680,511,0.001652136408776806
0.556156,83280,521,0.0016402779866192176
0.557962,84880,531,0.0015944525699375482
0.560024,86480,541,0.0015574832829443764
0.561812,88080,551,0.001529872854464178
0.563611,89680,561,0.0015156473086285673
0.56542,91280,571,0.0014917423204347195
0.567475,92880,581,0.0014525907673037016
0.569233,94480,591,0.0014283428430478182
0.571002,96080,601,0.0014130255482276421
0.572763,97680,611,0.0014082061924940558
0.574789,99280,621,0.0013827618354738443
0.576555,100880,631,0.0013584904750574747
0.57836,102480,641,0.0013435800659383906
0.580145,104080,651,0.001334555739192415
0.582178,105680,661,0.00131481108394455
0.583943,107280,671,0.0012889330085092045
0.585706,108880,681,0.0012740951422810422
0.587474,110480,691,0.001260317759963353
0.589547,112080,701,0.0012509314270846388
0.591323,113680,711,0.001225675710490367
0.593104,115280,721,0.001207610923643819
0.594939,116880,731,0.0011964330180425364
0.597043,118480,741,0.001184752673583563
0.598864,120080,751,0.0011629457478243635
0.600661,121680,761,0.001150085684453293
0.602461,123280,771,0.0011301236525349673
0.604525,124880,781,0.001120788447729875
0.606373,126480,791,0.0011124369364271629
0.608189,128080,801,0.0011069947689946683
0.609989,129680,811,0.001097417221255427
0.611864,131280,821,0.0010891848349404779
0.613949,132880,831,0.0010884736297085782
0.615773,134480,841,0.0010818152093246321
0.617584,136080,851,0.001076823341650943
0.619413,137680,861,0.0010663168768617736
0.621518,139280,871,0.0010627718412496955
0.623337,140880,881,0.0010587202965629382
0.625143,142480,891,0.0010510547834115345
0.626948,144080,901,0.0010466136750376508
0.629084,145680,911,0.0010351483246264816
0.630867,147280,921,0.0010311624112018993
0.632666,148880,931,0.0010243842241709853
0.634456,150480,941,0.0010200544941131023
0.636474,152080,951,0.0010154627217015613
0.638254,153680,961,0.0010083901852115922
0.640054,155280,971,0.0010061987623382774
0.641853,156880,981,0.0009966455095866567
0.643894,158480,991,0.0009942130655575566
0.645698,160080,1001,0.0009859858698211127
0.647492,161680,1011,0.0009772793804211383
0.649258,163280,1021,0.0009717001834720056
0.651262,164880,1031,0.0009647653235668584
0.65303,166480,1041,0.0009623362089632263
0.654795,168080,1051,0.0009530853674679773
0.656576,169680,1061,0.0009521689351509478
0.658584,171280,1071,0.0009447350377490907
0.660342,172880,1081,0.0009405989640310468
0.662095,174480,1091,0.0009335158074695229
0.66384,176080,1101,0.0009296568563437035
0.665861,177680,1111,0.0009245275856177102
0.667629,179280,1121,0.0009209648699288545
0.669405,180880,1131,0.0009175097707557374
0.671165,182480,1141,0.0009068283139793618
0.673156,184080,1151,0.0009061251549552802
0.674935,185680,1161,0.0008983715104524375
0.676709,187280,1171,0.0008974979667382248
0.678495,188880,1181,0.0008929670964179844
0.680495,190480,1191,0.000886871693314006
0.682253,192080,1201,0.0008814664834265861
0.684012,193680,1211,0.0008756476629419238
0.685753,195280,1221,0.0008716423584245771
0.68775,196880,1231,0.0008646835513692087
0.68951,198480,1241,0.0008618381134255417
0.691273,200080,1251,0.0008541960599112493
0.693033,201680,1261,0.0008505213735154095
0.695045,203280,1271,0.0008430411953825982
0.696806,204880,1281,0.0008398219926509069
0.698591,206480,1291,0.0008337285170878436
0.700353,208080,1301,0.0008284600459843531
0.702364,209680,1311,0.0008237194044464855
0.704102,211280,1321,0.0008190434439615708
0.705901,212880,1331,0.0008176668877802398
0.707674,214480,1341,0.0008106357112663814
0.709652,216080,1351,0.0008066840993979137
0.711419,217680,1361,0.0007994688347895997
0.71317,219280,1371,0.0007992784842674617
0.71489,220880,1381,0.0007931917615561952
0.71691,222480,1391,0.0007895276287003244
0.718667,224080,1401,0.0007849085282872273
0.720427,225680,1411,0.0007810856172996237
0.72216,227280,1421,0.0007789523109673659
0.724143,228880,1431,0.0007738782767371024
0.725877,230480,1441,0.0007714447116612677
0.727625,232080,1451,0.0007660691084662944
0.729358,233680,1461,0.0007652438956645465
0.731404,235280,1471,0.0007601907080627066
0.733147,236880,1481,0.0007576577470141659
0.73491,238480,1491,0.0007517790949932591
0.736653,240080,1501,0.0007473589529456495
0.738665,241680,1511,0.0007449631607250283
0.740451,243280,1521,0.0007420886921570679
0.74224,244880,1531,0.0007392958563010778
0.744029,246480,1541,0.0007334995298461655
0.746107,248080,1551,0.0007310725786904958
0.747886,249680,1561,0.000728221473196726
0.749664,251280,1571,0.0007276033580599292
0.751419,252880,1581,0.0007219756526355686
0.753423,254480,1591,0.0007196658403627286
0.755234,256080,1601,0.000715083229142011
0.75701,257680,1611,0.000712080271956678
0.758795,259280,1621,0.0007100940766934846
0.760876,260880,1631,0.0007059357170831233
0.762676,262480,1641,0.0007035389328483958
0.764448,264080,1651,0.0007008696999759381
0.766217,265680,1661,0.0007002563882439524
0.76823,267280,1671,0.0006954534952526761
0.770009,268880,1681,0.0006937338680787601
0.771786,270480,1691,0.0006896929993754665
0.773581,272080,1701,0.0006881557288519104
0.775603,273680,1711,0.0006863479845312607
0.777389,275280,1721,0.0006830171755494458
0.779166,276880,1731,0.0006812368358701075
0.780944,278480,1741,0.0006759449538972315
0.783007,280080,1751,0.0006748558359829133
0.784816,281680,1761,0.0006708561694603894
0.786578,283280,1771,0.0006678696769420542
0.788352,284880,1781,0.0006638471722832245
0.790392,286480,1791,0.00066078682559257
0.792193,288080,1801,0.0006584866670952469
0.793977,289680,1811,0.0006554086822382257
0.79577,291280,1821,0.0006529981540371217
0.797553,292880,1831,0.0006478979492856186
0.799627,294480,1841,0.000646669611870189
0.801414,296080,1851,0.0006428679374065761
0.803182,297680,1861,0.0006405110691813289
0.804953,299280,1871,0.0006364540818264985
0.806991,300880,1881,0.0006321787414947013
0.808776,302480,1891,0.0006302819226461018
0.810616,304080,1901,0.0006268146298483383
0.81244,305680,1911,0.0006249299187694665
0.814474,307280,1921,0.0006191549788525531
0.816252,308880,1931,0.0006165349845994317
0.818034,310480,1941,0.000613660053932456
0.819807,312080,1951,0.0006109053154178205
0.821883,313680,1961,0.0006085090437031836
0.823682,315280,1971,0.000604469526080011
0.825474,316880,1981,0.0006032268369624439
0.827307,318480,1991,0.000599835867767887
0.829419,320080,2001,0.000596872087473721
0.831195,321680,2011,0.0005937460496868562
0.832971,323280,2021,0.0005924135263467613
0.834754,324880,2031,0.000591433450699317
0.83675,326480,2041,0.0005902483383444217
0.838524,328080,2051,0.0005899472707892213
0.84034,329680,2061,0.0005871579568828937
0.842146,331280,2071,0.0005865499175397131
0.844171,332880,2081,0.0005847362537789134
0.845958,334480,2091,0.0005835828275700776
0.84777,336080,2101,0.0005830050479699363
0.849572,337680,2111,0.0005810117020616477
0.851625,339280,2121,0.0005802642720227971
0.853434,340880,2131,0.000578173264470282
0.855251,342480,2141,0.0005769787329358168
0.857033,344080,2151,0.0005751083844898874
0.859088,345680,2161,0.0005740669802080916
0.860887,347280,2171,0.0005735619802096862
0.862706,348880,2181,0.0005721544971629619
0.864483,350480,2191,0.0005707973720606666
0.866554,352080,2201,0.000568650090960859
0.868392,353680,2211,0.0005684039148454948
0.870216,355280,2221,0.000567179387833041
0.872018,356880,2231,0.0005653705768662483
0.874107,358480,2241,0.0005648112733117588
0.875904,360080,2251,0.000562250067208751
0.877729,361680,2261,0.0005611589766630638
0.879572,363280,2271,0.0005594805837935649
0.881651,364880,2281,0.0005570294009638287
0.883457,366480,2291,0.0005557747157846175
0.885278,368080,2301,0.0005540810024287409
0.887058,369680,2311,0.0005543940166297581
0.889106,371280,2321,0.0005525440805543482
0.89091,372880,2331,0.0005506957590057857
0.892711,374480,2341,0.0005499862934026864
0.894537,376080,2351,0.0005474385923482979
0.896624,377680,2361,0.0005479524222058163
0.898428,379280,2371,0.0005458183747177655
0.900237,380880,2381,0.0005444536411577435
0.902019,382480,2391,0.0005432441400928106
0.904071,384080,2401,0.0005411505707301114
0.905888,385680,2411,0.0005410641042133194
0.907703,387280,2421,0.0005388198070244987
0.9095,388880,2431,0.0005368930475919669
0.911586,390480,2441,0.0005353600051247118
0.913363,392080,2451,0.0005338124034283739
0.915144,393680,2461,0.0005331841281581689
0.916929,395280,2471,0.0005304490134213097
0.918947,396880,2481,0.000529775051382058
0.920716,398480,2491,0.0005284470756795109
0.922502,400080,2501,0.0005273676929440606
0.924334,401680,2511,0.0005261094432972568
0.926408,403280,2521,0.000524203126929015
0.928218,404880,2531,0.0005225170189440912
0.930012,406480,2541,0.0005214700423103492
0.931809,408080,2551,0.0005191931410300499
0.933862,409680,2561,0.0005182491860647939
0.935666,411280,2571,0.0005161730473558085
0.937462,412880,2581,0.0005150209588673064
0.939254,414480,2591,0.0005144381849514334
0.941355,416080,2601,0.0005122105287521366
0.943155,417680,2611,0.000511941261679345
0.944958,419280,2621,0.0005108021245848974
0.946749,420880,2631,0.0005105128623470769
0.948797,422480,2641,0.0005103896906034112
0.950588,424080,2651,0.0005076737932933496
0.9524,425680,2661,0.0005069522542446338
0.954229,427280,2671,0.0005055839118068683
0.956293,428880,2681,0.0005044241267468837
0.95809,430480,2691,0.0005039373824653384
0.959884,432080,2701,0.000502202748310655
0.961698,433680,2711,0.000501597181512322
0.963738,435280,2721,0.0005006586934550236
0.965535,436880,2731,0.0004998049208856398
0.96731,438480,2741,0.0004991296169772341
0.969074,440080,2751,0.000497335150826653
0.971103,441680,2761,0.0004959463653838505
0.97288,443280,2771,0.0004949221144868714
0.974682,444880,2781,0.0004934805499930278
0.976469,446480,2791,0.0004927634114328516
0.978323,448080,2801,0.0004907653083963438
0.980328,449680,2811,0.0004894251189166872
0.982104,451280,2821,0.0004889716544960315
0.983888,452880,2831,0.00048736529848488613
0.985652,454480,2841,0.0004860384761240944
0.98768,456080,2851,0.00048440980620605145
0.989452,457680,2861,0.0004830443599648567
0.991268,459280,2871,0.0004824717107329325
0.993036,460880,2881,0.0004800377922187307
0.995095,462480,2891,0.00047905927565150205
0.996893,464080,2901,0.0004775941251347754
0.998672,465680,2911,0.00047669887782293176
1.00045,467280,2921,0.0004761121010412716
1.0025,468880,2931,0.00047396513070324317
1.00427,470480,2941,0.0004722758106265757
1.00607,472080,2951,0.00047116419613058534
1.00791,473680,2961,0.00046981394697528586
1.00994,475280,2971,0.00046856927330130374
1.01176,476880,2981,0.0004675135427258132
1.01356,478480,2991,0.0004658247852224462
1.01535,480080,3001,0.0004652625573564398
1.01741,481680,3011,0.00046403118975334515
1.01922,483280,3021,0.00046239520053834894
1.02103,484880,3031,0.00046191270467857773
1.02284,486480,3041,0.00046026702441498077
1.02487,488080,3051,0.0004593986677328254
1.02666,489680,3061,0.0004583797224968541
1.02847,491280,3071,0.00045640895491439425
1.03028,492880,3081,0.0004558422855039015
1.03233,494480,3091,0.0004545382710445349
1.03413,496080,3101,0.00045348579064315685
1.03593,497680,3111,0.00045287752107930034
1.03775,499280,3121,0.00045108811335570903
1.03982,500880,3131,0.0004506134713868296
1.04161,502480,3141,0.00044957866266750156
1.04342,504080,3151,0.00044796699533678104
1.04526,505680,3161,0.0004471070522587984
1.04733,507280,3171,0.00044592151321454915
1.0491,508880,3181,0.00044471479001698816
1.05089,510480,3191,0.00044359914751890966
1.05266,512080,3201,0.0004420082427025792
1.05469,513680,3211,0.0004401443563626529
1.05647,515280,3221,0.00043960943185797526
1.05828,516880,3231,0.0004380861150111437
1.06008,518480,3241,0.0004375212090939346
1.06219,520080,3251,0.0004360981415535946
1.064,521680,3261,0.0004345333893227485
1.06576,523280,3271,0.0004335684780140906
1.06752,524880,3281,0.00043253650868838554
1.06958,526480,3291,0.0004311673879290757
1.07136,528080,3301,0.0004306889010384351
1.07318,529680,3311,0.00042947867437635734
1.07498,531280,3321,0.0004283687924356433
1.07702,532880,3331,0.00042812156347109623
1.0788,534480,3341,0.00042643565363495277
1.08059,536080,3351,0.000425671124654017
1.08236,537680,3361,0.0004252785166481213
1.08441,539280,3371,0.0004241564526003515
1.08618,540880,3381,0.00042350130051441864
1.08796,542480,3391,0.00042277113496610313
1.08978,544080,3401,0.0004215649458618846
1.09183,545680,3411,0.000421047327673155
1.09362,547280,3421,0.0004203943189310406
1.09543,548880,3431,0.00041922421307889236
1.09726,550480,3441,0.00041892176081293267
1.09939,552080,3451,0.00041754383285608904
1.10123,553680,3461,0.00041691922015154627
1.10305,555280,3471,0.0004165766969489483
1.10486,556880,3481,0.00041489450351419807
1.10698,558480,3491,0.00041435484297271466
1.10881,560080,3501,0.00041413558451960063
1.11062,561680,3511,0.0004130562770284698
1.11246,563280,3521,0.0004124780175703991
1.11458,564880,3531,0.00041179375497438567
1.11645,566480,3541,0.00041080614980623306
1.11833,568080,3551,0.00041071919227149943
1.12016,569680,3561,0.00040966883034486076
1.12226,571280,3571,0.0004083505339859579
1.12409,572880,3581,0.00040784086461656543
1.12591,574480,3591,0.0004066169615148177
1.12774,576080,3601,0.000406437744561108
1.12981,577680,3611,0.0004060705718881407
1.13164,579280,3621,0.00040468433356278047
1.13344,580880,3631,0.0004041507270746269
1.13523,582480,3641,0.0004039025238396863
1.1373,584080,3651,0.000402960102746654
1.13907,585680,3661,0.0004027281943110427
1.14086,587280,3671,0.0004019216409396481
1.14267,588880,3681,0.00040124295624385103
1.14473,590480,3691,0.00040118492553279164
1.14654,592080,3701,0.00040053979247290164
1.14834,593680,3711,0.00039935005132918887
1.15016,595280,3721,0.00039899296682933266
1.15218,596880,3731,0.00039807514863539686
1.15401,598480,3741,0.00039756375911494113
1.15581,600080,3751,0.0003970976609493238
1.15763,601680,3761,0.0003959874419504107
1.15942,603280,3771,0.0003953709392212658
1.16146,604880,3781,0.00039526872967810336
1.16327,606480,3791,0.0003944302449112574
1.16507,608080,3801,0.0003934471195762984
1.16686,609680,3811,0.0003926617885742414
1.16889,611280,3821,0.00039195090546999614
1.1707,612880,3831,0.00039127537089005474
1.17253,614480,3841,0.0003904809912291928
1.17433,616080,3851,0.0003894268818087909
1.17639,617680,3861,0.0003895548455461646
1.17819,619280,3871,0.000388940684210963
1.17997,620880,3881,0.00038798075762512194
1.18178,622480,3891,0.0003872165468378364
1.18381,624080,3901,0.00038609443590010943
1.18558,625680,3911,0.0003855735966655418
1.18737,627280,3921,0.00038544666331678974
1.1892,628880,3931,0.0003839848755351604
1.19118,630480,3941,0.00038296134938221524
1.19297,632080,3951,0.0003824760229682693
1.19485,633680,3961,0.00038149424851168477
1.19665,635280,3971,0.0003808217512215207
1.19873,636880,3981,0.00038011796658011555
1.20051,638480,3991,0.0003790459088337649
1.20232,640080,4001,0.0003790458980790952
1.20414,641680,4011,0.0003784271997464214
1.20617,643280,4021,0.0003768545410272571
1.20794,644880,4031,0.00037648467307624736
1.20973,646480,4041,0.00037544327550535425
1.21153,648080,4051,0.0003746276792965537
1.21359,649680,4061,0.00037408344968833593
1.21538,651280,4071,0.0003728023523922701
1.21717,652880,4081,0.00037220665505401096
1.21893,654480,4091,0.0003719950811217343
1.22096,656080,4101,0.0003711317222369545
1.22273,657680,4111,0.0003703007940301893
1.22451,659280,4121,0.0003697502947578573
1.22629,660880,4131,0.00036920448047265443
1.22836,662480,4141,0.00036862125296914343
1.2303,664080,4151,0.00036768541062422166
1.23215,665680,4161,0.0003669960709236607
1.23394,667280,4171,0.0003665054949390338
1.23595,668880,4181,0.00036570511859055146
1.23779,670480,4191,0.0003651642830480306
1.23958,672080,4201,0.00036461603054565965
1.24137,673680,4211,0.00036373689875267637
1.24341,675280,4221,0.0003635510817496853
1.24529,676880,4231,0.00036335528887821746
1.24711,678480,4241,0.00036255489903094795
1.24898,680080,4251,0.00036184494638207
1.25108,681680,4261,0.0003612117047081115
1.25289,683280,4271,0.000360333881194377
1.25481,684880,4281,0.0003602414665679586
1.25664,686480,4291,0.0003594311584905526
1.2587,688080,4301,0.0003586104097463346
1.26052,689680,4311,0.0003583780113936598
1.26243,691280,4321,0.00035782729580751543
1.2643,692880,4331,0.00035702801716791174
1.26643,694480,4341,0.0003566511715917854
1.26825,696080,4351,0.0003557502851429077
1.27009,697680,4361,0.00035545848072689526
1.2719,699280,4371,0.0003552953550148754
1.27395,700880,4381,0.00035439877009119103
1.27575,702480,4391,0.0003540124012160629
1.27754,704080,4401,0.00035353224849882584
1.27935,705680,4411,0.000352784576976177
1.28137,707280,4421,0.0003524875454255245
1.28317,708880,4431,0.0003518752767235102
1.28495,710480,4441,0.00035124297592756953
1.28676,712080,4451,0.0003510427360414962
1.28877,713680,4461,0.0003503087535732686
1.29056,715280,4471,0.00034978894835973294
1.29236,716880,4481,0.0003494151349054085
1.29419,718480,4491,0.0003488810662119132
1.29621,720080,4501,0.0003485634833597321
1.29799,721680,4511,0.0003480083668400795
1.2998,723280,4521,0.00034711407935183493
1.30159,724880,4531,0.0003469384678080143
1.30365,726480,4541,0.0003462990140243056
1.30543,728080,4551,0.00034553523444475105
1.30721,729680,4561,0.00034531989998501204
1.30899,731280,4571,0.0003445926960454152
1.31103,732880,4581,0.0003440357095333118
1.31286,734480,4591,0.00034367518879214326
1.31466,736080,4601,0.0003429338390976335
1.31646,737680,4611,0.00034259172218175336
1.31849,739280,4621,0.0003420643194840707
1.32025,740880,4631,0.00034143051865435405
1.32202,742480,4641,0.0003411563271329375
1.32381,744080,4651,0.000340442430274911
1.32583,745680,4661,0.0003401171774496635
1.3276,747280,4671,0.0003399225104838491
1.32942,748880,4681,0.000339361653976954
1.33119,750480,4691,0.0003388616436497925
1.33321,752080,4701,0.0003384596586782553
1.33497,753680,4711,0.0003379473878984563
1.33677,755280,4721,0.00033772382260664237
1.33855,756880,4731,0.0003371243216469203
1.34053,758480,4741,0.0003365902873777721
1.3423,760080,4751,0.0003365216390288153
1.34408,761680,4761,0.00033612844733502817
1.34586,763280,4771,0.0003360076585045245
1.34765,764880,4781,0.0003354543087758007
1.34978,766480,4791,0.0003348976579130355
1.3516,768080,4801,0.0003346381725562019
1.35342,769680,4811,0.0003345446848479292
1.35522,771280,4821,0.0003338243925945176
1.35727,772880,4831,0.0003336877943228428
1.35905,774480,4841,0.0003330269998091419
1.36086,776080,4851,0.0003326117187694901
1.36271,777680,4861,0.00033257674861547626
1.36477,779280,4871,0.0003318250405569389
1.3666,780880,4881,0.00033147311270676286
1.36839,782480,4891,0.00033122673087549945
1.37016,784080,4901,0.0003308516245476515
1.37221,785680,4911,0.0003306684266429754
1.37399,787280,4921,0.0003300052691259988
1.37581,788880,4931,0.00032941123928095263
1.37766,790480,4941,0.0003296334971143438
1.37975,792080,4951,0.0003292520090225088
1.38154,793680,4961,0.00032906719800885123
1.38333,795280,4971,0.0003286412128810975
1.38509,796880,4981,0.00032830330219914446
1.3871,798480,4991,0.00032842865271816464
1.38889,800080,5001,0.0003278013934614431
1.39069,801680,5011,0.0003276014836820079
1.39247,803280,5021,0.00032734885415415527
1.39453,804880,5031,0.0003269009308939433
1.39633,806480,5041,0.0003265779401597276
1.3981,808080,5051,0.0003262184817712701
1.39987,809680,5061,0.00032560912914686435
1.40188,811280,5071,0.0003256510451534623
1.40365,812880,5081,0.0003252261870787757
1.40546,814480,5091,0.0003244797491751498
1.40728,816080,5101,0.0003243793595660866
1.40931,817680,5111,0.00032393982691400133
1.41111,819280,5121,0.00032373203591935275
1.41291,820880,5131,0.00032333034591460093
1.41469,822480,5141,0.00032290073935999086
1.41671,824080,5151,0.00032293055931733976
1.4185,825680,5161,0.0003223504545966701
1.42029,827280,5171,0.00032217936236802504
1.42207,828880,5181,0.00032170304881392817
1.42406,830480,5191,0.00032091882497944577
1.42584,832080,5201,0.00032071014509901623
1.42762,833680,5211,0.00032030269258474277
1.4294,835280,5221,0.0003196390184760003
1.43143,836880,5231,0.0003195364178481021
1.43323,838480,5241,0.00031878160100975994
1.43504,840080,5251,0.00031864771977169887
1.4368,841680,5261,0.0003183496138441464
1.43888,843280,5271,0.00031766517863313776
1.44069,844880,5281,0.0003174104258072772
1.4425,846480,5291,0.00031679675588143323
1.44435,848080,5301,0.0003166405150461342
1.44637,849680,5311,0.00031626086310653466
1.44819,851280,5321,0.00031563468795332665
1.44997,852880,5331,0.0003155977221054561
1.45178,854480,5341,0.00031520518847856505
1.45382,856080,5351,0.0003147229989297739
1.45566,857680,5361,0.00031464130309497886
1.45745,859280,5371,0.0003141632567140954
1.45923,860880,5381,0.0003142693404437503
1.46126,862480,5391,0.0003141599549841556
1.46306,864080,5401,0.0003138443286181281
1.46484,865680,5411,0.00031366447334271047
1.46662,867280,5421,0.00031337172554422
1.46868,868880,5431,0.00031318302598581753
1.47048,870480,5441,0.00031327052918927664
1.47227,872080,5451,0.0003126214530193572
1.47406,873680,5461,0.00031239457864999307
1.47612,875280,5471,0.00031216749838855994
1.47792,876880,5481,0.00031221320785546416
1.47973,878480,5491,0.0003121793756028519
1.48154,880080,5501,0.0003113344904048989
1.48359,881680,5511,0.00031153844949790947
1.48537,883280,5521,0.000311285874140331
1.48713,884880,5531,0.0003110763599560411
1.48893,886480,5541,0.00031085405948404025
1.49096,888080,5551,0.0003101804044456317
1.49278,889680,5561,0.00031007149310604415
1.4946,891280,5571,0.0003100735328184761
1.49642,892880,5581,0.00030969998380719725
1.49849,894480,5591,0.00030959807637295604
1.50027,896080,5601,0.0003091363728617222
1.50204,897680,5611,0.0003091943940960063
1.50383,899280,5621,0.00030914000371294083
1.50589,900880,5631,0.0003088916489599816
1.50768,902480,5641,0.0003087656944892117
1.50946,904080,5651,0.0003085495674260662
1.51131,905680,5661,0.0003084042232746574
1.51339,907280,5671,0.00030838136333934466
1.51518,908880,5681,0.0003080287309638486
1.51695,910480,5691,0.00030791695090858287
1.51872,912080,5701,0.0003078212010532884
1.52081,913680,5711,0.00030770418088277643
1.52262,915280,5721,0.0003076044598365451
1.52442,916880,5731,0.0003072105208441842
1.52623,918480,5741,0.00030694282928484494
1.52809,920080,5751,0.00030693201387894595
1.53015,921680,5761,0.0003067514573647026
1.53193,923280,5771,0.00030674840648233816
1.53373,924880,5781,0.0003063261921395395
1.53553,926480,5791,0.00030651211317848405
1.53756,928080,5801,0.0003064183812469534
1.53935,929680,5811,0.0003060008875114921
1.54115,931280,5821,0.00030610221315106705
1.54292,932880,5831,0.00030588678368732164
1.54499,934480,5841,0.0003062437789119344
1.54677,936080,5851,0.00030619785875152933
1.5486,937680,5861,0.0003060254610617215
1.55039,939280,5871,0.0003061956341989785
1.55243,940880,5881,0.0003059896850867057
1.55421,942480,5891,0.00030595201121283097
1.55598,944080,5901,0.0003057558650330604
1.55774,945680,5911,0.00030553189028399187
1.55975,947280,5921,0.00030588142772292395
1.56156,948880,5931,0.0003056802130217886
1.56335,950480,5941,0.00030561896409837634
1.56513,952080,5951,0.0003054818303167683
1.56717,953680,5961,0.00030534419110433454
1.56892,955280,5971,0.00030551189820644115
1.57068,956880,5981,0.00030529990825310487
1.57244,958480,5991,0.0003052255956351949
1.57446,960080,6001,0.0003051206199542276
1.57625,961680,6011,0.00030473358824286735
1.57805,963280,6021,0.0003049489522626708
1.57983,964880,6031,0.00030456848325303987
1.58183,966480,6041,0.0003046075913427596
1.58358,968080,6051,0.0003045746722142185
1.58533,969680,6061,0.00030452646716261356
1.5871,971280,6071,0.0003048006275918405
1.58913,972880,6081,0.000304515016896224
1.59091,974480,6091,0.0003042628814399883
1.59268,976080,6101,0.0003042335202175124
1.59451,977680,6111,0.00030415062112148193
1.59656,979280,6121,0.00030422334310444
1.59834,980880,6131,0.0003038530921577586
1.60016,982480,6141,0.0003037784822431649
1.60198,984080,6151,0.0003037348871493383
1.60407,985680,6161,0.0003037238102264195
1.60588,987280,6171,0.00030384524222631937
1.60765,988880,6181,0.00030356934285158746
1.60945,990480,6191,0.0003036842408354265
1.61154,992080,6201,0.00030362854455014306
1.6134,993680,6211,0.0003034714621487737
1.61523,995280,6221,0.00030366744202509934
1.61709,996880,6231,0.00030330399053224606
1.61917,998480,6241,0.0003034548691584881
1.62098,1000080,6251,0.000303486014411802
1.62279,1001680,6261,0.00030323739419541723
1.62461,1003280,6271,0.00030343148374143043
1.6267,1004880,6281,0.0003032564775872718
1.62852,1006480,6291,0.0003035217360105643
1.63034,1008080,6301,0.00030330524764407216
1.63219,1009680,6311,0.00030315077997759496
1.63423,1011280,6321,0.0003033129394906624
1.63601,1012880,6331,0.0003032163796442399
1.6378,1014480,6341,0.0003032330080480171
1.6396,1016080,6351,0.00030291398451394447
1.64166,1017680,6361,0.0003028171739236519
1.64345,1019280,6371,0.0003029092122191473
1.64526,1020880,6381,0.0003026249743898618
1.64705,1022480,6391,0.00030273770594535336
1.64908,1024080,6401,0.00030230752341242617
1.65085,1025680,6411,0.00030225105246957547
1.65262,1027280,6421,0.0003022330098502151
1.65441,1028880,6431,0.0003021023471256167
1.65642,1030480,6441,0.0003022378063049294
1.65822,1032080,6451,0.00030193439488586035
1.66007,1033680,6461,0.0003019357434059077
1.66188,1035280,6471,0.0003017691651484161
1.66393,1036880,6481,0.0003013542767185146
1.6657,1038480,6491,0.00030136282840315977
1.6675,1040080,6501,0.00030129206235906224
1.66927,1041680,6511,0.0003011812068031555
1.67124,1043280,6521,0.0003010632602139379
1.67301,1044880,6531,0.0003006827292009774
1.6748,1046480,6541,0.000300490019807231
1.67659,1048080,6551,0.000300040392538517
1.67862,1049680,6561,0.0003001256270651464
1.68038,1051280,6571,0.0002998092305814548
1.68213,1052880,6581,0.0002995270313066699
1.6839,1054480,6591,0.0002993358838744315
1.68592,1056080,6601,0.0002990152740673744
1.68772,1057680,6611,0.0002990383905398814
1.68953,1059280,6621,0.0002985913581617806
1.69132,1060880,6631,0.0002985000102012376
1.69332,1062480,6641,0.0002982979266635509
1.6951,1064080,6651,0.0002981721109776309
1.69688,1065680,6661,0.0002979209969012561
1.69864,1067280,6671,0.00029738958324690944
1.70062,1068880,6681,0.0002972700386902633
1.70238,1070480,6691,0.000297111972126729
1.70413,1072080,6701,0.0002968661563347002
1.7059,1073680,6711,0.000296730951918546
1.7079,1075280,6721,0.0002963278214126574
1.70968,1076880,6731,0.0002961011803755357
1.71144,1078480,6741,0.00029586590472739996
1.71322,1080080,6751,0.00029556681372349194
1.71501,1081680,6761,0.00029532131050026555
1.71704,1083280,6771,0.00029504051624522007
1.71881,1084880,6781,0.0002951660305396328
1.72057,1086480,6791,0.00029498107575508595
1.72236,1088080,6801,0.00029460479732967317
1.72436,1089680,6811,0.0002943151132965699
1.72612,1091280,6821,0.0002941115495107161
1.72793,1092880,6831,0.00029422735819881543
1.72976,1094480,6841,0.00029395324787039045
1.73179,1096080,6851,0.00029368708015176277
1.73356,1097680,6861,0.0002933990372582518
1.73532,1099280,6871,0.00029327886056979
1.73709,1100880,6881,0.0002933118200320779
1.73912,1102480,6891,0.0002929226015982167
1.74091,1104080,6901,0.00029288952513353665
1.74272,1105680,6911,0.00029247284388605327
1.74457,1107280,6921,0.0002924918704935893
1.74663,1108880,6931,0.0002922450248505626
1.74839,1110480,6941,0.00029186601352948136
1.75019,1112080,6951,0.0002917301722089021
1.75198,1113680,6961,0.00029133394982910725
1.75402,1115280,6971,0.0002913656200740182
1.75578,1116880,6981,0.0002908737410207106
1.75754,1118480,6991,0.0002906680927983376
1.75933,1120080,7001,0.0002906190912222665
1.76134,1121680,7011,0.00029031655256032095
1.76313,1123280,7021,0.00029001017935363117
1.76489,1124880,7031,0.0002895553541501384
1.76665,1126480,7041,0.000289416525043858
1.76864,1128080,7051,0.0002893711828293316
1.77039,1129680,7061,0.00028920883348093444
1.77217,1131280,7071,0.0002893095328485463
1.77393,1132880,7081,0.00028911243760865006
1.77589,1134480,7091,0.00028913857735029906
1.77765,1136080,7101,0.0002891457070591623
1.77941,1137680,7111,0.0002888740331131526
1.78117,1139280,7121,0.0002889852679659414
1.78316,1140880,7131,0.0002886677064392242
1.78494,1142480,7141,0.0002888318893891073
1.78671,1144080,7151,0.000288599243907001
1.78848,1145680,7161,0.00028833561689645647
1.79044,1147280,7171,0.00028832170763761107
1.79221,1148880,7181,0.0002881934273912916
1.79397,1150480,7191,0.00028829814606124056
1.79572,1152080,7201,0.00028806462837752643
1.79774,1153680,7211,0.0002879590943518674
1.79952,1155280,7221,0.0002878499082808756
1.80131,1156880,7231,0.0002878878537451394
1.80313,1158480,7241,0.0002879233452462073
1.80518,1160080,7251,0.00028759688438449553
1.80697,1161680,7261,0.0002875704864882724
1.80875,1163280,7271,0.0002872897371701214
1.81051,1164880,7281,0.00028715682438930357
1.81252,1166480,7291,0.0002869995394890225
1.81429,1168080,7301,0.0002867418864015963
1.81605,1169680,7311,0.00028682429038220936
1.81782,1171280,7321,0.0002866225651647573
1.81983,1172880,7331,0.00028668672973920784
1.8216,1174480,7341,0.0002862669533113295
1.82334,1176080,7351,0.000286109338863208
1.8251,1177680,7361,0.0002860258111730546
1.82709,1179280,7371,0.00028592582090631626
1.82888,1180880,7381,0.00028588119210509223
1.83063,1182480,7391,0.00028549393048312235
1.83243,1184080,7401,0.0002852909841097803
1.83442,1185680,7411,0.00028504720003566346
1.83617,1187280,7421,0.0002850196606542562
1.83791,1188880,7431,0.0002848469762304195
1.83968,1190480,7441,0.000284535575389315
1.84168,1192080,7451,0.00028449462444961153
1.84343,1193680,7461,0.00028414789168976565
1.8452,1195280,7471,0.0002840424225211153
1.84698,1196880,7481,0.00028386824245633935
1.84897,1198480,7491,0.0002836413282265651
1.85076,1200080,7501,0.00028375067684491967
1.85257,1201680,7511,0.00028356497184193856
1.85442,1203280,7521,0.00028346180452643206
1.85653,1204880,7531,0.00028321366912475304
1.8583,1206480,7541,0.00028320435100139506
1.86005,1208080,7551,0.00028308550055724385
1.86184,1209680,7561,0.00028275546857455154
1.86387,1211280,7571,0.00028273210410793663
1.86567,1212880,7581,0.00028230109659509346
1.86749,1214480,7591,0.00028237231479621115
1.86938,1216080,7601,0.00028221307773096914
1.87148,1217680,7611,0.0002818284509031946
1.87329,1219280,7621,0.00028167424574799226
1.87508,1220880,7631,0.00028135903497793907
1.87691,1222480,7641,0.0002814080048856686
1.87898,1224080,7651,0.00028101378590129726
1.88078,1225680,7661,0.00028076400380995514
1.88258,1227280,7671,0.00028062820869395426
1.88443,1228880,7681,0.00028055784561300916
1.8865,1230480,7691,0.00028051616398466934
1.88831,1232080,7701,0.0002802321490141483
1.89009,1233680,7711,0.0002802018188169334
1.8919,1235280,7721,0.0002800127844102343
1.89368,1236880,7731,0.00027987264631408604
1.89568,1238480,7741,0.00027982127320105334
1.89747,1240080,7751,0.0002795085739573412
1.89926,1241680,7761,0.0002795095458213836
1.90104,1243280,7771,0.0002793325872767292
1.90303,1244880,7781,0.0002793673384596986
1.90481,1246480,7791,0.0002791427203656157
1.90662,1248080,7801,0.00027886096984368683
1.90837,1249680,7811,0.00027877579559390346
1.91039,1251280,7821,0.00027873345150420704
1.91221,1252880,7831,0.00027874189293539305
1.91403,1254480,7841,0.0002783847425563389
1.91582,1256080,7851,0.0002782409894113644
1.91782,1257680,7861,0.00027800647682195423
1.91959,1259280,7871,0.00027794561030851893
1.92134,1260880,7881,0.0002778124503576701
1.92311,1262480,7891,0.0002775168966937143
1.92511,1264080,7901,0.00027754999159156253
1.92686,1265680,7911,0.00027729346551845155
1.92861,1267280,7921,0.0002771625638913894
1.93039,1268880,7931,0.0002770274717045929
1.93237,1270480,7941,0.0002768162119402527
1.93412,1272080,7951,0.00027668259976940286
1.93592,1273680,7961,0.00027642241902288596
1.93771,1275280,7971,0.0002762327768696341
1.93971,1276880,7981,0.00027587298945871627
1.94152,1278480,7991,0.0002758159876085943
1.94337,1280080,8001,0.0002757499438785973
1.94515,1281680,8011,0.0002754776084383445
1.94719,1283280,8021,0.00027539585509524754
1.94896,1284880,8031,0.0002750825073727682
1.95074,1286480,8041,0.00027504939416026115
1.95251,1288080,8051,0.00027483682252423675
1.95453,1289680,8061,0.000274585553850697
1.9563,1291280,8071,0.0002744117219606653
1.95806,1292880,8081,0.0002740915295600804
1.95982,1294480,8091,0.0002740672090635783
1.96184,1296080,8101,0.0002736789185071517
1.9636,1297680,8111,0.0002735459853594746
1.96538,1299280,8121,0.0002733472570292401
1.96717,1300880,8131,0.0002731668248379879
1.96918,1302480,8141,0.00027305050588836456
1.97097,1304080,8151,0.0002726983922559448
1.97277,1305680,8161,0.0002725182943711848
1.97457,1307280,8171,0.00027211591224162064
1.97656,1308880,8181,0.0002720181414509696
1.97832,1310480,8191,0.00027180929697828704
1.98008,1312080,8201,0.0002714795405216134
1.98188,1313680,8211,0.0002713413439287514
1.98388,1315280,8221,0.00027105175202158695
1.98566,1316880,8231,0.0002709803892105341
1.98742,1318480,8241,0.00027059191476384165
1.98919,1320080,8251,0.0002702208853105452
1.99117,1321680,8261,0.0002700765710612705
1.99293,1323280,8271,0.00026973442069806557
1.99469,1324880,8281,0.0002696347748291708
1.99646,1326480,8291,0.0002692261603794346
1.99857,1328080,8301,0.00026907252119888307
2.00038,1329680,8311,0.00026879696604275097
2.00218,1331280,8321,0.0002685166700055752
2.00396,1332880,8331,0.00026829445056163366
2.00601,1334480,8341,0.00026782839595089307
2.00777,1336080,8351,0.00026767186798595625
2.00957,1337680,8361,0.0002673544825539751
2.01139,1339280,8371,0.00026724251391585345
2.01349,1340880,8381,0.0002669407615627957
2.01526,1342480,8391,0.00026649429634020144
2.01707,1344080,8401,0.00026635428312608844
2.01884,1345680,8411,0.00026601717450413717
2.02091,1347280,8421,0.0002658166573485908
2.02268,1348880,8431,0.0002655013120470232
2.02446,1350480,8441,0.00026538584384590627
2.02626,1352080,8451,0.0002652992684999047
2.0284,1353680,8461,0.00026490753362786584
2.03021,1355280,8471,0.0002648613759045418
2.03203,1356880,8481,0.0002645237554329393
2.03383,1358480,8491,0.0002643561709061021
2.03582,1360080,8501,0.0002642412970178618
2.0376,1361680,8511,0.0002639164931857417
2.0394,1363280,8521,0.00026383598285092437
2.04119,1364880,8531,0.00026361274186714745
2.04325,1366480,8541,0.0002636870354024781
2.04504,1368080,8551,0.000263483683217788
2.04683,1369680,8561,0.00026330035383826354
2.04861,1371280,8571,0.00026317444272858787
2.05061,1372880,8581,0.0002628656973639471
2.05238,1374480,8591,0.00026295318982603663
2.05417,1376080,8601,0.000262618166921913
2.05598,1377680,8611,0.0002624339883041688
2.058,1379280,8621,0.00026220678674795765
2.05977,1380880,8631,0.00026220102117370525
2.06163,1382480,8641,0.0002621641084180077
2.06347,1384080,8651,0.0002617942652838358
2.06552,1385680,8661,0.00026183462447146137
2.06734,1387280,8671,0.00026167405981727086
2.0691,1388880,8681,0.0002617012392994063
2.07086,1390480,8691,0.0002615834680310212
2.07265,1392080,8701,0.0002613714975989601
2.07468,1393680,8711,0.00026148678045905156
2.07644,1395280,8721,0.0002614000003730108
2.07822,1396880,8731,0.0002613015283251755
2.08005,1398480,8741,0.00026111909517327267
2.08217,1400080,8751,0.0002610458916971325
2.08399,1401680,8761,0.0002610847933695003
2.0858,1403280,8771,0.00026103315371271
2.08758,1404880,8781,0.00026097199196448324
2.08964,1406480,8791,0.0002607972360696778
2.09143,1408080,8801,0.0002608078884906665
2.09325,1409680,8811,0.0002608042174650424
2.09509,1411280,8821,0.0002606552347032588
2.09718,1412880,8831,0.0002606912878017238
2.09903,1414480,8841,0.0002605705956743032
2.1009,1416080,8851,0.0002604918126362637
2.10276,1417680,8861,0.0002604143398465715
2.10492,1419280,8871,0.0002602629264251543
2.10677,1420880,8881,0.00026029246742424045
2.10859,1422480,8891,0.0002601236448894536
2.11043,1424080,8901,0.0002602168250813164
2.11254,1425680,8911,0.0002600906079525435
2.11439,1427280,8921,0.0002599464221585239
2.11624,1428880,8931,0.00025991836607705716
2.11809,1430480,8941,0.00025978046221653527
2.12033,1432080,8951,0.0002598290473350331
2.12216,1433680,8961,0.0002595974953491405
2.12404,1435280,8971,0.0002594171212946892
2.12588,1436880,8981,0.00025940843568932927
2.12801,1438480,8991,0.00025923274925011494
2.12995,1440080,9001,0.00025930169278097666
2.1318,1441680,9011,0.0002590104376110781
2.13367,1443280,9021,0.000258947657395427
2.13584,1444880,9031,0.00025887191365179044
2.13771,1446480,9041,0.0002587520581430018
2.13959,1448080,9051,0.0002587309983304656
2.14146,1449680,9061,0.00025852894591387246
2.14355,1451280,9071,0.00025847997859102835
2.14542,1452880,9081,0.0002583783238941893
2.14729,1454480,9091,0.00025834171268548055
2.14915,1456080,9101,0.000258242195750177
2.15126,1457680,9111,0.0002579529321081863
2.15308,1459280,9121,0.0002578968025558556
2.15494,1460880,9131,0.0002577500547450897
2.15679,1462480,9141,0.00025771888770061147
2.15885,1464080,9151,0.0002575937904778537
2.1607,1465680,9161,0.0002575348976369754
2.16258,1467280,9171,0.00025760551745279865
2.16443,1468880,9181,0.00025752370073153265
2.16655,1470480,9191,0.0002574522809425765
2.16841,1472080,9201,0.0002574227861517637
2.17026,1473680,9211,0.0002574159004199283
2.1721,1475280,9221,0.0002575713492623914
2.1742,1476880,9231,0.00025742248016769574
2.17603,1478480,9241,0.00025739039512267733
2.17791,1480080,9251,0.00025733687158342906
2.17983,1481680,9261,0.0002572540907685838
2.182,1483280,9271,0.00025736435988173677
2.18382,1484880,9281,0.00025719245571710625
2.18565,1486480,9291,0.00025715740929543006
2.18748,1488080,9301,0.0002570727864161671
2.18958,1489680,9311,0.00025708993382190896
2.19141,1491280,9321,0.0002570784243298013
2.19322,1492880,9331,0.0002569172032434539
2.19507,1494480,9341,0.00025692270592491025
2.19725,1496080,9351,0.00025679821271406937
2.19912,1497680,9361,0.0002568351263941334
2.201,1499280,9371,0.0002567858174530348
2.20282,1500880,9381,0.0002566246716690212
2.20492,1502480,9391,0.00025672852432075295
2.20674,1504080,9401,0.00025655206562288924
2.20856,1505680,9411,0.0002564922906333634
2.21038,1507280,9421,0.00025635950672668606
2.21252,1508880,9431,0.00025612539841073784
2.21437,1510480,9441,0.0002562442862122233
2.21622,1512080,9451,0.00025617943078733163
2.21807,1513680,9461,0.00025606034359885836
2.22021,1515280,9471,0.0002560105748576416
2.22204,1516880,9481,0.00025600489454959477
2.22387,1518480,9491,0.0002559911137169184
2.22569,1520080,9501,0.00025575839791465264
2.22779,1521680,9511,0.00025565086510170865
2.22963,1523280,9521,0.0002555758322533557
2.23148,1524880,9531,0.000255503574464494
2.23335,1526480,9541,0.0002555335505879906
2.23547,1528080,9551,0.0002552261598743437
2.23731,1529680,9561,0.00025529371724481754
2.23912,1531280,9571,0.000255309115335613
2.24094,1532880,9581,0.0002551965508842558
2.24301,1534480,9591,0.0002552039634887218
2.24484,1536080,9601,0.000255013026277541
2.24669,1537680,9611,0.0002551117051812768
2.24852,1539280,9621,0.0002550218432884714
2.25061,1540880,9631,0.0002548794040325847
2.25243,1542480,9641,0.00025488392512375974
2.25428,1544080,9651,0.0002546749771211061
2.25613,1545680,9661,0.00025474092817912367
2.25827,1547280,9671,0.0002546934699546727
2.2601,1548880,9681,0.0002545474541249485
2.26198,1550480,9691,0.0002545329066640494
2.26387,1552080,9701,0.00025430276392336346
2.26575,1553680,9711,0.0002542858792830161
2.26797,1555280,9721,0.0002541829720066717
2.26983,1556880,9731,0.00025398108873664685
2.27166,1558480,9741,0.00025389495114470223
2.27353,1560080,9751,0.00025363336905235775
2.27565,1561680,9761,0.0002536602880198035
2.27751,1563280,9771,0.0002535378781537319
2.27938,1564880,9781,0.0002533806441816708
2.28125,1566480,9791,0.00025344124167413044
2.28339,1568080,9801,0.0002532252441087811
2.28523,1569680,9811,0.0002532365973743466
2.28706,1571280,9821,0.00025315252008815264
2.28889,1572880,9831,0.0002529757464746381
2.29096,1574480,9841,0.00025303077542982236
2.2928,1576080,9851,0.00025293671658139366
2.29465,1577680,9861,0.00025292586522181366
2.29653,1579280,9871,0.000252826275410201
2.29864,1580880,9881,0.0002526718256683925
2.30049,1582480,9891,0.00025267684045816516
2.30233,1584080,9901,0.00025247075158675407
2.30417,1585680,9911,0.00025243996080802356
2.30627,1587280,9921,0.0002523963648983895
2.30806,1588880,9931,0.0002522388499504955
2.3099,1590480,9941,0.00025234582998121154
2.31178,1592080,9951,0.0002521772240223364
2.31394,1593680,9961,0.00025216225930464395
2.31581,1595280,9971,0.0002520933999695593
2.31767,1596880,9981,0.00025199715578482114
2.31953,1598480,9991,0.0002520711182878166
2.32167,1600080,10001,0.00025184666470302007
2.32352,1601680,10011,0.0002516847588266112
2.32533,1603280,10021,0.0002516943311729417
2.32718,1604880,10031,0.0002516256079736195
2.3293,1606480,10041,0.00025163386265523134
2.33116,1608080,10051,0.0002514056268375902
2.33301,1609680,10061,0.0002514119267448267
2.33483,1611280,10071,0.0002513595676078371
2.33693,1612880,10081,0.00025129475760586953
2.33879,1614480,10091,0.0002512368662376946
2.34062,1616080,10101,0.0002510206807039613
2.34244,1617680,10111,0.00025098468520546625
2.34458,1619280,10121,0.00025100762281186385
2.34646,1620880,10131,0.00025078497088404546
2.34835,1622480,10141,0.0002507378745095143
2.35025,1624080,10151,0.0002506474687949591
2.35241,1625680,10161,0.0002505853875719357
2.35425,1627280,10171,0.00025049457256137546
2.35607,1628880,10181,0.00025026340888207634
2.35794,1630480,10191,0.0002502983917737969
2.36005,1632080,10201,0.0002500864076219432
2.36188,1633680,10211,0.0002500781727304193
2.36372,1635280,10221,0.00024997552434613893
2.36558,1636880,10231,0.00024968253428626734
2.36773,1638480,10241,0.00024970506318477276
2.36958,1640080,10251,0.00024961309627122286
2.3714,1641680,10261,0.0002494513618832156
2.37326,1643280,10271,0.0002493893024017157
2.37541,1644880,10281,0.00024911879093123153
2.37724,1646480,10291,0.0002490155062266179
2.37913,1648080,10301,0.0002489679937399871
2.381,1649680,10311,0.0002486849067634758
2.38311,1651280,10321,0.00024864027776992127
2.38494,1652880,10331,0.00024853302050945394
2.3868,1654480,10341,0.00024851490044071854
2.38863,1656080,10351,0.00024842944152165224
2.39076,1657680,10361,0.0002482855584875175
2.39256,1659280,10371,0.00024822552371508814
2.39441,1660880,10381,0.00024816294984494197
2.39631,1662480,10391,0.0002480933258611241
2.39845,1664080,10401,0.00024802221163917025
2.40029,1665680,10411,0.0002478963578636615
2.40211,1667280,10421,0.000247860187849433
2.40395,1668880,10431,0.0002478381269448559
2.40608,1670480,10441,0.00024770889307359177
2.40787,1672080,10451,0.0002476840286071251
2.40969,1673680,10461,0.0002475703216305667
2.41161,1675280,10471,0.0002475238706320694
2.41385,1676880,10481,0.00024744244812394296
2.4157,1678480,10491,0.00024724460233302437
2.41757,1680080,10501,0.00024725711657139215
2.41939,1681680,10511,0.0002470641973604283
2.42149,1683280,10521,0.00024696827716494743
2.42332,1684880,10531,0.00024688123708074827
2.42518,1686480,10541,0.00024667326646726946
2.42702,1688080,10551,0.00024658213806878423
2.42917,1689680,10561,0.00024640805964843207
2.43101,1691280,10571,0.00024627421046517946
2.43288,1692880,10581,0.00024621077566803
2.43474,1694480,10591,0.0002459008039374048
2.43685,1696080,10601,0.0002457723269947889
2.43869,1697680,10611,0.0002456462400025113
2.44053,1699280,10621,0.0002453733878934588
2.44237,1700880,10631,0.0002453476760980837
2.44445,1702480,10641,0.00024511569656779364
2.44629,1704080,10651,0.000245068680167786
2.44811,1705680,10661,0.0002449539303573771
2.44996,1707280,10671,0.0002448435799360677
2.45179,1708880,10681,0.00024478316124228877
2.45392,1710480,10691,0.00024466586711490747
2.45575,1712080,10701,0.0002445532710544287
2.45757,1713680,10711,0.00024450939883090966
2.45937,1715280,10721,0.00024425250441303427
2.46146,1716880,10731,0.0002442381123525291
2.46331,1718480,10741,0.0002441509772698799
2.46514,1720080,10751,0.00024388841202326386
2.46699,1721680,10761,0.00024385803925786216
2.46912,1723280,10771,0.00024373205024511534
2.47093,1724880,10781,0.00024372810248162943
2.47277,1726480,10791,0.00024361253413596184
2.47461,1728080,10801,0.00024337235379941376
2.47667,1729680,10811,0.00024322055270004257
2.4785,1731280,10821,0.0002431725639644288
2.48037,1732880,10831,0.00024309351130424872
2.48222,1734480,10841,0.00024304151695204827
2.48431,1736080,10851,0.0002428406738039044
2.48615,1737680,10861,0.0002428413912331194
2.48799,1739280,10871,0.00024283721596882017
2.48982,1740880,10881,0.0002427072339153298
2.49192,1742480,10891,0.00024264378385076973
2.49375,1744080,10901,0.00024251090130719861
2.49566,1745680,10911,0.00024249724367767823
2.49757,1747280,10921,0.0002424875285627244
2.49969,1748880,10931,0.00024237097431249396
2.50155,1750480,10941,0.00024228608954409044
2.50338,1752080,10951,0.00024221935962805662
2.5052,1753680,10961,0.0002421308112974703
2.5073,1755280,10971,0.0002420350471438043
2.50911,1756880,10981,0.00024189563664408012
2.51095,1758480,10991,0.0002418305739125444
2.51292,1760080,11001,0.00024180421047822684
2.51506,1761680,11011,0.00024160741940015482
2.51691,1763280,11021,0.00024151723146447444
2.51876,1764880,11031,0.00024142852886083546
2.52063,1766480,11041,0.0002413740600275948
2.52271,1768080,11051,0.00024134130532444537
2.52454,1769680,11061,0.00024113251781248367
2.52637,1771280,11071,0.0002410591095709149
2.52821,1772880,11081,0.00024102321959461326
2.5304,1774480,11091,0.00024086943783906134
2.53227,1776080,11101,0.00024081180926792574
2.53411,1777680,11111,0.00024066971029964787
2.53596,1779280,11121,0.00024063053057027557
2.5381,1780880,11131,0.00024066294413455092
2.53993,1782480,11141,0.00024038927444671246
2.54177,1784080,11151,0.0002402949852170367
2.5436,1785680,11161,0.00024023548580147554
2.54571,1787280,11171,0.00023994854882897557
2.54756,1788880,11181,0.00023990605442454453
2.54942,1790480,11191,0.00023971318987243452
2.55125,1792080,11201,0.00023961199473755516
2.55334,1793680,11211,0.0002394603014680835
2.55519,1795280,11221,0.00023926783409753717
2.55701,1796880,11231,0.000239101763470086
2.55885,1798480,11241,0.00023892513685996528
2.56097,1800080,11251,0.00023879233060239598
2.56285,1801680,11261,0.0002386971827713566
2.5647,1803280,11271,0.00023847031776797617
2.56659,1804880,11281,0.00023817991277053606
2.56873,1806480,11291,0.00023807687112543593
2.5706,1808080,11301,0.00023794578019536994
2.57247,1809680,11311,0.0002377792890784474
2.57436,1811280,11321,0.00023765092871716638
2.57649,1812880,11331,0.00023740397197527345
2.57837,1814480,11341,0.0002372822422243414
2.58024,1816080,11351,0.0002371094047454534
2.58209,1817680,11361,0.00023687738045180887
2.58424,1819280,11371,0.0002367179753986013
2.58606,1820880,11381,0.00023650951488585724
2.5879,1822480,11391,0.0002363867406409998
2.58977,1824080,11401,0.00023623071954383644
2.59186,1825680,11411,0.00023601019238020902
2.59367,1827280,11421,0.00023592529057473756
2.59556,1828880,11431,0.0002357736577734016
2.59743,1830480,11441,0.00023560766562800983
2.59958,1832080,11451,0.00023553806431776854
2.60146,1833680,11461,0.000235324358804476
2.60337,1835280,11471,0.00023518892340574152
2.60524,1836880,11481,0.00023508698695132169
2.60744,1838480,11491,0.00023485068116843935
2.6093,1840080,11501,0.00023479977104584604
2.61117,1841680,11511,0.00023467436633960344
2.61307,1843280,11521,0.00023459445453979239
2.61524,1844880,11531,0.000234420895834914
2.61713,1846480,11541,0.00023418324227633507
2.61904,1848080,11551,0.00023408353995206868
2.62089,1849680,11561,0.000234040159650388
2.62304,1851280,11571,0.00023376716721874337
2.62493,1852880,11581,0.00023362228625287834
2.6268,1854480,11591,0.000233472950887971
2.62869,1856080,11601,0.00023333065108726778
2.63084,1857680,11611,0.00023321190835274425
2.63272,1859280,11621,0.00023296701581322632
2.63458,1860880,11631,0.00023274966615004743
2.63647,1862480,11641,0.0002327170461164825
2.63862,1864080,11651,0.00023254013372890972
2.64047,1865680,11661,0.00023240610517794025
2.64236,1867280,11671,0.00023226487231100754
2.64424,1868880,11681,0.00023219556272038172
2.64616,1870480,11691,0.0002322243656483671
2.64831,1872080,11701,0.00023204856102062438
2.65015,1873680,11711,0.00023185585041359327
2.652,1875280,11721,0.00023180605710963753
2.65385,1876880,11731,0.00023166594376542067
2.65596,1878480,11741,0.0002315406306825675
2.65779,1880080,11751,0.00023143435337151345
2.65965,1881680,11761,0.0002313182141973555
2.66157,1883280,11771,0.00023127709982166678
2.66371,1884880,11781,0.0002311477603392717
2.6656,1886480,11791,0.000230900506860518
2.66747,1888080,11801,0.0002308874872106164
2.66934,1889680,11811,0.00023069366548665766
2.67151,1891280,11821,0.00023053389593606297
2.67335,1892880,11831,0.0002304092902798479
2.67519,1894480,11841,0.00023017675379682044
2.67704,1896080,11851,0.00023007787735603372
2.67922,1897680,11861,0.00022996759434866162
2.68108,1899280,11871,0.00022978636510593772
2.68299,1900880,11881,0.00022976234780464413
2.68489,1902480,11891,0.00022958803048163563
2.68702,1904080,11901,0.00022939945338485562
2.68886,1905680,11911,0.0002293002659718088
2.69071,1907280,11921,0.00022897839566694313
2.69254,1908880,11931,0.00022888621612330087
2.69467,1910480,11941,0.00022878171520970478
2.69656,1912080,11951,0.000228678970558744
2.69846,1913680,11961,0.00022849240637162066
2.70036,1915280,11971,0.00022834304853507244
2.70254,1916880,11981,0.00022820655516101775
2.70442,1918480,11991,0.00022815562493827893
2.70627,1920080,12001,0.00022794814354292967
2.70812,1921680,12011,0.0002278096913579629
2.71021,1923280,12021,0.00022775968926105547
2.71209,1924880,12031,0.00022758609234049126
2.71397,1926480,12041,0.00022746809707147042
2.71586,1928080,12051,0.0002273460818229614
2.71803,1929680,12061,0.00022712916099157203
2.71989,1931280,12071,0.00022703884257892042
2.72173,1932880,12081,0.0002269168694959134
2.72358,1934480,12091,0.00022678303287352632
2.72569,1936080,12101,0.00022666206302123133
2.72756,1937680,12111,0.00022641945456572908
2.72943,1939280,12121,0.0002263405524922501
2.73129,1940880,12131,0.0002262200849567561
2.73347,1942480,12141,0.0002260106061668099
2.7353,1944080,12151,0.0002259171361358274
2.73715,1945680,12161,0.00022584813653139454
2.73901,1947280,12171,0.00022563042391427618
2.74115,1948880,12181,0.00022547824005008515
2.74296,1950480,12191,0.00022529356966622012
2.74485,1952080,12201,0.00022518232386437367
2.74679,1953680,12211,0.00022509717918814919
2.74896,1955280,12221,0.00022482452361748118
2.75078,1956880,12231,0.0002246675673782325
2.75264,1958480,12241,0.0002245974727384855
2.75447,1960080,12251,0.0002244611507894751
2.75661,1961680,12261,0.00022426341802075575
2.75844,1963280,12271,0.00022417766149394197
2.76029,1964880,12281,0.00022400103321741117
2.76217,1966480,12291,0.00022391104428272704
2.76432,1968080,12301,0.00022371235409944512
2.76615,1969680,12311,0.0002234534189688199
2.768,1971280,12321,0.0002233567797484924
2.76991,1972880,12331,0.00022323993329322576
2.77205,1974480,12341,0.0002230823309990592
2.77391,1976080,12351,0.00022293760263269145
2.77577,1977680,12361,0.00022267193735365197
2.77764,1979280,12371,0.00022250005886015854
2.77981,1980880,12381,0.00022236979967381332
2.78171,1982480,12391,0.0002221746420533778
2.78362,1984080,12401,0.0002220870591332063
2.78548,1985680,12411,0.00022193156170583622
2.78765,1987280,12421,0.0002217755476987427
2.78954,1988880,12431,0.00022164836474337576
2.79143,1990480,12441,0.0002213657234867404
2.7933,1992080,12451,0.00022125768037467054
2.79546,1993680,12461,0.00022113544442337735
2.79733,1995280,12471,0.00022085940020043215
2.7992,1996880,12481,0.0002207517489779421
2.80107,1998480,12491,0.00022059876272166948
2.80321,2000080,12501,0.00022044511936974813
2.80506,2001680,12511,0.00022029384122713817
2.80691,2003280,12521,0.00022006431187028552
2.80876,2004880,12531,0.00021985953150650654
2.81087,2006480,12541,0.00021978068653084708
2.81273,2008080,12551,0.00021955537251988795
2.81461,2009680,12561,0.00021938047603466126
2.81649,2011280,12571,0.0002192514266790846
2.81861,2012880,12581,0.00021901818912738527
2.82047,2014480,12591,0.00021885594200834156
2.82232,2016080,12601,0.00021863923040117174
2.82417,2017680,12611,0.00021844481373347636
2.82627,2019280,12621,0.00021838699271358765
2.82814,2020880,12631,0.0002182454980632978
2.83001,2022480,12641,0.00021798149606174107
2.83186,2024080,12651,0.00021790077530154696
2.83372,2025680,12661,0.00021769169772296697
2.83584,2027280,12671,0.0002175724317512815
2.83772,2028880,12681,0.00021746691484807006
2.83956,2030480,12691,0.00021722963084549844
2.84141,2032080,12701,0.00021710353690188033
2.84354,2033680,12711,0.00021705878601710124
2.84539,2035280,12721,0.00021686464648264063
2.84728,2036880,12731,0.0002167151627340269
2.84918,2038480,12741,0.00021657633250611423
2.8513,2040080,12751,0.00021638032010324985
2.85315,2041680,12761,0.0002163161117189668
2.85503,2043280,12771,0.00021610267637040513
2.85692,2044880,12781,0.0002159384245421208
2.85902,2046480,12791,0.00021591792834580945
2.86088,2048080,12801,0.0002157639374425202
2.86274,2049680,12811,0.00021557097592776742
2.86462,2051280,12821,0.00021550398108191593
2.86677,2052880,12831,0.0002153499142047849
2.86863,2054480,12841,0.0002153037649946874
2.8705,2056080,12851,0.00021520551775752045
2.87234,2057680,12861,0.0002150034468546124
2.87447,2059280,12871,0.00021488689824121325
2.87634,2060880,12881,0.00021480052917962483
2.87825,2062480,12891,0.0002146228571569004
2.8802,2064080,12901,0.00021452467840713148
2.88238,2065680,12911,0.00021440074719101913
2.88427,2067280,12921,0.00021426408978046478
2.88617,2068880,12931,0.00021420577673059854
2.88805,2070480,12941,0.00021398228430149352
2.89021,2072080,12951,0.00021385536499421258
2.89209,2073680,12961,0.00021380565115170294
2.89401,2075280,12971,0.00021364907152971943
2.89595,2076880,12981,0.00021349250835316254
2.8981,2078480,12991,0.00021337922183945618
2.9,2080080,13001,0.00021324690330274537
2.90189,2081680,13011,0.00021314592555924522
2.90378,2083280,13021,0.00021299911782768008
2.90591,2084880,13031,0.00021283076074314795
2.90775,2086480,13041,0.000212826959551422
2.90962,2088080,13051,0.00021279622903055788
2.91149,2089680,13061,0.00021265747930794728
2.91371,2091280,13071,0.00021255706865904063
2.9156,2092880,13081,0.0002124560999855786
2.91747,2094480,13091,0.000212433224553275
2.91934,2096080,13101,0.00021241525542673584
2.92149,2097680,13111,0.000212277242078035
2.92335,2099280,13121,0.0002122374744956343
2.92522,2100880,13131,0.0002122508985431988
2.92704,2102480,13141,0.00021216873610449723
2.92918,2104080,13151,0.00021213233990102429
2.93103,2105680,13161,0.0002120594068812133
2.93291,2107280,13171,0.00021204167617026523
2.93476,2108880,13181,0.00021205590101583405
2.93691,2110480,13191,0.00021192944811449128
2.93874,2112080,13201,0.00021187081493360613
2.94059,2113680,13211,0.00021185095848366697
2.94243,2115280,13221,0.00021175664736076266
2.94455,2116880,13231,0.00021170782836443976
2.94644,2118480,13241,0.00021164004929776284
2.94832,2120080,13251,0.00021157119199198202
2.95018,2121680,13261,0.00021152544919745067
2.95232,2123280,13271,0.00021147606778921905
2.95418,2124880,13281,0.0002113325498809271
2.95599,2126480,13291,0.00021133213415811848
2.95783,2128080,13301,0.000211282409501138
2.95995,2129680,13311,0.00021124067132132981
2.9618,2131280,13321,0.00021121063993108022
2.96365,2132880,13331,0.0002111181975106534
2.9655,2134480,13341,0.00021111725858300422
2.96764,2136080,13351,0.00021117256305083244
2.96947,2137680,13361,0.00021105920945187553
2.97132,2139280,13371,0.0002110770278485434
2.97317,2140880,13381,0.00021110830522946128
2.97527,2142480,13391,0.00021103581553903045
2.97714,2144080,13401,0.0002109991432266943
2.97899,2145680,13411,0.00021097131202997554
2.98085,2147280,13421,0.00021094577889931368
2.98299,2148880,13431,0.00021096851799817622
2.98481,2150480,13441,0.0002109158627020078
2.98666,2152080,13451,0.0002107854368199654
2.98848,2153680,13461,0.0002108018292097738
2.99056,2155280,13471,0.0002107534627383452
2.9924,2156880,13481,0.0002107292886016788
2.99427,2158480,13491,0.0002107261034174166
2.99615,2160080,13501,0.0002106422978406814
2.99828,2161680,13511,0.00021060087973387952
3.00013,2163280,13521,0.0002106190392701275
3.00197,2164880,13531,0.00021050645115488348
3.00379,2166480,13541,0.00021045560291850333
3.00595,2168080,13551,0.0002104118272564029
3.00777,2169680,13561,0.0002103572902393859
3.00962,2171280,13571,0.00021032079622923874
3.01147,2172880,13581,0.00021024357971624955
3.01364,2174480,13591,0.00021023432635591463
3.01548,2176080,13601,0.00021024335595843172
3.01734,2177680,13611,0.00021014475395178533
3.01918,2179280,13621,0.00021003462785020542
3.021,2180880,13631,0.00021002071567499496
3.02312,2182480,13641,0.00020991523763120093
3.02496,2184080,13651,0.0002099016599506065
3.02678,2185680,13661,0.0002098459444884876
3.02863,2187280,13671,0.00020970477139843798
3.03079,2188880,13681,0.00020974398053347568
3.03268,2190480,13691,0.00020972604006898148
3.03453,2192080,13701,0.00020957573944698632
3.03638,2193680,13711,0.00020957686854956512
3.03852,2195280,13721,0.00020952562869902547
3.04034,2196880,13731,0.00020950330098046775
3.04219,2198480,13741,0.0002094896415442589
3.04411,2200080,13751,0.00020939931064725345
3.0463,2201680,13761,0.00020942005994178427
3.04818,2203280,13771,0.00020941474894868237
3.05004,2204880,13781,0.00020931513626939145
3.05193,2206480,13791,0.00020928060032073502
3.05405,2208080,13801,0.0002092864397215434
3.05588,2209680,13811,0.00020917907193157385
3.05776,2211280,13821,0.00020916622024010761
3.0596,2212880,13831,0.00020914242210433483
3.06168,2214480,13841,0.00020912542128073523
3.06353,2216080,13851,0.00020915202891625025
3.06539,2217680,13861,0.00020911356853986138
3.06726,2219280,13871,0.00020901991359721997
3.06938,2220880,13881,0.00020900929886241877
3.07123,2222480,13891,0.0002089582476089858
3.07306,2224080,13901,0.00020893148683202682
3.07489,2225680,13911,0.0002088640516736285
3.07698,2227280,13921,0.00020875894387853595
3.07884,2228880,13931,0.00020874263835399774
3.0807,2230480,13941,0.00020873854723521199
3.08255,2232080,13951,0.0002085855180905434
3.08466,2233680,13961,0.00020849623771046662
3.08651,2235280,13971,0.0002084932035401419
3.08832,2236880,13981,0.00020845280372275114
3.09016,2238480,13991,0.0002083880222709198
3.09226,2240080,14001,0.00020825251365943
3.09411,2241680,14011,0.00020816759187467296
3.09603,2243280,14021,0.00020815966291702452
3.09794,2244880,14031,0.000208030461122298
3.10009,2246480,14041,0.0002079438265647736
3.10199,2248080,14051,0.0002079315095809848
3.10386,2249680,14061,0.00020784285152828513
3.10574,2251280,14071,0.0002077943856355815
3.10795,2252880,14081,0.00020768504013736824
3.1098,2254480,14091,0.00020757303743991484
3.11169,2256080,14101,0.00020753989901028252
3.11358,2257680,14111,0.0002075118275534065
3.1157,2259280,14121,0.00020738460935652847
3.11755,2260880,14131,0.000207299963455497
3.11938,2262480,14141,0.00020718512967634987
3.12124,2264080,14151,0.0002070922795479116
3.12335,2265680,14161,0.00020707387892790995
3.12516,2267280,14171,0.0002069230265879414
3.12703,2268880,14181,0.00020690411152623524
3.12895,2270480,14191,0.00020689673225134791
3.13109,2272080,14201,0.00020671298347814566
3.13294,2273680,14211,0.00020666401225384948
3.13483,2275280,14221,0.00020655166695057216
3.13667,2276880,14231,0.0002064253551888346
3.13881,2278480,14241,0.00020638320116189712
3.14064,2280080,14251,0.0002062534492796985
3.14248,2281680,14261,0.00020613963686997618
3.14435,2283280,14271,0.00020608433890989715
3.14654,2284880,14281,0.0002059699755064641
3.14975,2286480,14291,0.0002058668893940626
3.15161,2288080,14301,0.000205845474146895
3.15344,2289680,14311,0.00020565924506043415
3.15561,2291280,14321,0.0002056068546773416
3.15745,2292880,14331,0.00020549644662300193
3.15932,2294480,14341,0.00020537277166285742
3.16123,2296080,14351,0.00020532395360172914
3.1634,2297680,14361,0.0002052592306769352
3.16528,2299280,14371,0.00020517394513689356
3.16711,2300880,14381,0.00020512085428314904
3.16894,2302480,14391,0.00020496679812216818
3.17107,2304080,14401,0.00020484158415426737
3.1729,2305680,14411,0.00020481412964777276
3.17484,2307280,14421,0.00020466040612111477
3.1767,2308880,14431,0.00020463630616011225
3.17889,2310480,14441,0.00020458461718644676
3.18074,2312080,14451,0.00020443066185036815
3.18257,2313680,14461,0.00020435623264372128
3.18446,2315280,14471,0.00020424629199928927
3.1866,2316880,14481,0.00020413547787370007
3.18848,2318480,14491,0.0002041315015228265
3.19035,2320080,14501,0.00020404476411597407
3.19223,2321680,14511,0.0002038814860908303
3.19432,2323280,14521,0.00020390800056567168
3.1962,2324880,14531,0.00020385725920923567
3.19809,2326480,14541,0.00020382381378868109
3.19998,2328080,14551,0.00020378554309774706
3.20214,2329680,14561,0.00020374553569831554
3.20398,2331280,14571,0.00020370591226811716
3.20581,2332880,14581,0.0002036689048202714
3.20763,2334480,14591,0.00020350876991862346
3.2097,2336080,14601,0.00020346687495184992
3.21157,2337680,14611,0.00020338769989146008
3.21343,2339280,14621,0.00020331643407947055
3.21527,2340880,14631,0.0002032901002725889
3.21715,2342480,14641,0.00020317803531627078
3.2193,2344080,14651,0.00020312321015520003
3.22114,2345680,14661,0.00020313691858450666
3.22297,2347280,14671,0.00020295814513165804
3.2248,2348880,14681,0.0002029237561164722
3.22687,2350480,14691,0.0002029013667791818
3.22871,2352080,14701,0.0002027837084292456
3.23059,2353680,14711,0.00020274906651615923
3.23246,2355280,14721,0.00020263596511677778
3.23459,2356880,14731,0.00020248562961442708
3.2364,2358480,14741,0.00020249788684544197
3.23822,2360080,14751,0.00020238902650510267
3.24006,2361680,14761,0.00020225523651528493
3.24218,2363280,14771,0.00020222472938720253
3.24403,2364880,14781,0.00020209632642649057
3.24591,2366480,14791,0.00020200278998624976
3.24782,2368080,14801,0.00020190171948934743
3.24996,2369680,14811,0.0002017936761202939
3.25182,2371280,14821,0.00020175908434311857
3.25369,2372880,14831,0.00020169146827896806
3.25551,2374480,14841,0.00020156179716755186
3.25764,2376080,14851,0.00020149007348914047
3.25946,2377680,14861,0.0002013876647136946
3.26135,2379280,14871,0.0002013155504176859
3.26327,2380880,14881,0.00020121252861705387
3.26541,2382480,14891,0.00020105625346068454
3.26723,2384080,14901,0.0002009730904192833
3.26924,2385680,14911,0.00020093297921859599
3.27109,2387280,14921,0.00020075176011796932
3.27321,2388880,14931,0.00020068816090376695
3.27503,2390480,14941,0.00020056042553759194
3.27686,2392080,14951,0.000200456294268566
3.27873,2393680,14961,0.00020040245509084405
3.28088,2395280,14971,0.00020020968181847475
3.28275,2396880,14981,0.00020009744095542646
3.28466,2398480,14991,0.00020010066279764656
3.28651,2400080,15001,0.0001999545328749807
3.28861,2401680,15011,0.00019981793481885744
3.29047,2403280,15021,0.00019973540386391923
3.29231,2404880,15031,0.00019962160342281918
3.29419,2406480,15041,0.00019956679076955745
3.29637,2408080,15051,0.00019940775816084354
3.2982,2409680,15061,0.00019934967829652803
3.30005,2411280,15071,0.00019932172670621834
3.30192,2412880,15081,0.0001991748647028873
3.30402,2414480,15091,0.00019905728425878393
3.30586,2416080,15101,0.0001990090314856769
3.30767,2417680,15111,0.00019892351498139622
3.30947,2419280,15121,0.00019893877476844478
3.31167,2420880,15131,0.0001989012323774554
3.31357,2422480,15141,0.00019883615617660375
3.31548,2424080,15151,0.00019883834917003296
3.3174,2425680,15161,0.00019880758835614035
3.31954,2427280,15171,0.0001987645652465654
3.32137,2428880,15181,0.00019876110779281503
3.32322,2430480,15191,0.000198626665776587
3.32504,2432080,15201,0.00019859721563622763
3.32713,2433680,15211,0.0001986043804555835
3.32899,2435280,15221,0.00019850724418921627
3.33084,2436880,15231,0.00019845568891504843
3.33268,2438480,15241,0.0001983554320289932
3.33476,2440080,15251,0.00019832696155729253
3.33657,2441680,15261,0.00019835622894707507
3.33838,2443280,15271,0.0001982923510668467
3.3402,2444880,15281,0.0001982300434893603
3.34232,2446480,15291,0.00019824918605106275
3.34417,2448080,15301,0.00019812779235778115
3.34603,2449680,15311,0.00019812243998520301
3.34787,2451280,15321,0.00019805490761984172
3.34999,2452880,15331,0.00019801223942244456
3.35182,2454480,15341,0.00019799215707391044
3.35365,2456080,15351,0.0001978976136960027
3.35547,2457680,15361,0.0001978079068100467
3.35755,2459280,15371,0.0001978205834889564
3.35938,2460880,15381,0.00019777937208126373
3.36122,2462480,15391,0.00019773332288972913
3.36305,2464080,15401,0.00019768045796936078
3.36517,2465680,15411,0.00019760569608317374
3.36699,2467280,15421,0.00019753900222448627
3.36879,2468880,15431,0.00019744110234017238
3.37061,2470480,15441,0.00019740375318029295
3.37275,2472080,15451,0.00019738453160488348
3.37455,2473680,15461,0.00019730332965827574
3.37635,2475280,15471,0.00019725592087301534
3.37823,2476880,15481,0.00019720948371831047
3.38042,2478480,15491,0.0001970638015076423
3.38225,2480080,15501,0.00019705840713617022
3.3841,2481680,15511,0.00019698840622930924
3.38591,2483280,15521,0.0001968664895038389
3.38805,2484880,15531,0.00019682040277937095
3.38988,2486480,15541,0.0001967227306540545
3.3917,2488080,15551,0.00019665988872911294
3.39351,2489680,15561,0.00019658078777376638
3.39566,2491280,15571,0.0001964711849302258
3.39749,2492880,15581,0.00019647591414922658
3.39932,2494480,15591,0.00019644693755073092
3.40117,2496080,15601,0.0001963296699461891
3.40301,2497680,15611,0.00019624059992321384
3.40515,2499280,15621,0.0001961504031432193
3.40698,2500880,15631,0.00019606578128371355
3.40882,2502480,15641,0.0001960113264622785
3.41064,2504080,15651,0.000195873071394171
3.41278,2505680,15661,0.00019582999525847092
3.41466,2507280,15671,0.00019578511192687095
3.41653,2508880,15681,0.0001956901951315291
3.41839,2510480,15691,0.00019558056113105036
3.42051,2512080,15701,0.00019544135703325992
3.42233,2513680,15711,0.00019539162116242667
3.42415,2515280,15721,0.0001953682118272914
3.42595,2516880,15731,0.00019523545283267607
3.42805,2518480,15741,0.00019510745763478242
3.42988,2520080,15751,0.00019501098108184144
3.43174,2521680,15761,0.00019490994485118172
3.43356,2523280,15771,0.00019486097281668467
3.43564,2524880,15781,0.00019471636729578162
3.43747,2526480,15791,0.00019465688374437594
3.43928,2528080,15801,0.00019460596768868833
3.44107,2529680,15811,0.00019446009015520148
3.44311,2531280,15821,0.0001943573405675525
3.4449,2532880,15831,0.0001942506416965275
3.4467,2534480,15841,0.0001941406849830813
3.44848,2536080,15851,0.00019407946660410062
3.45056,2537680,15861,0.000193904171551856
3.45232,2539280,15871,0.00019379363555905443
3.45409,2540880,15881,0.00019377403396730886
3.45586,2542480,15891,0.00019365416444033605
3.45791,2544080,15901,0.00019359280295840053
3.45968,2545680,15911,0.00019353478102384324
3.46151,2547280,15921,0.00019347996714273556
3.4633,2548880,15931,0.0001935023901134883
3.46533,2550480,15941,0.00019344946095955357
3.46709,2552080,15951,0.00019335526464161167
3.46884,2553680,15961,0.0001933462938367731
3.47063,2555280,15971,0.00019329772583314211
3.47262,2556880,15981,0.00019330892454819983
3.47438,2558480,15991,0.0001932497506379298
3.47613,2560080,16001,0.00019320375026408466
3.47793,2561680,16011,0.0001932369891991248
3.47997,2563280,16021,0.00019318370916775705
3.48171,2564880,16031,0.00019315467446424234
3.48348,2566480,16041,0.00019311837578169476
3.48526,2568080,16051,0.00019303860733928084
3.48725,2569680,16061,0.00019308763867246365
3.48906,2571280,16071,0.00019300226388725347
3.49085,2572880,16081,0.00019296496048015928
3.49261,2574480,16091,0.00019298377351595515
3.4947,2576080,16101,0.00019291802758581063
3.49646,2577680,16111,0.00019292074778815352
3.49825,2579280,16121,0.0001928489385695925
3.50001,2580880,16131,0.00019278208425045976
3.50202,2582480,16141,0.00019281405384535995
3.50379,2584080,16151,0.00019275538488923265
3.50556,2585680,16161,0.00019269285426945157
3.50735,2587280,16171,0.00019267657617136162
3.50938,2588880,16181,0.00019263089509210206
3.51116,2590480,16191,0.00019263800232463373
3.51295,2592080,16201,0.00019259343383136798
3.51473,2593680,16211,0.0001925157625389546
3.51683,2595280,16221,0.00019249079135112354
3.51862,2596880,16231,0.00019244130433562767
3.52038,2598480,16241,0.00019238495146280295
3.52216,2600080,16251,0.00019234646817349078
3.52417,2601680,16261,0.0001922340635623944
3.52592,2603280,16271,0.00019225503837453327
3.5277,2604880,16281,0.00019219412481915124
3.52947,2606480,16291,0.0001921369174065074
3.5315,2608080,16301,0.00019209456284057826
3.53325,2609680,16311,0.0001920781175021348
3.53503,2611280,16321,0.0001921099030262087
3.5368,2612880,16331,0.0001920623535890953
3.53883,2614480,16341,0.00019197591974869782
3.54057,2616080,16351,0.0001919935777430215
3.54234,2617680,16361,0.00019199957949854116
3.54411,2619280,16371,0.00019201968678482506
3.54619,2620880,16381,0.00019199837299572337
3.54798,2622480,16391,0.0001919413631760996
3.54975,2624080,16401,0.00019200828280661192
3.55152,2625680,16411,0.000191998203009568
3.55355,2627280,16421,0.00019198328447299524
3.55532,2628880,16431,0.00019202387522995745
3.55709,2630480,16441,0.00019196808035595522
3.55887,2632080,16451,0.00019201312204354497
3.56091,2633680,16461,0.00019200077326580849
3.56267,2635280,16471,0.00019195306095418085
3.56442,2636880,16481,0.00019199363285680483
3.56619,2638480,16491,0.00019197623020630016
3.5682,2640080,16501,0.00019198149170888794
3.56993,2641680,16511,0.00019197637087854137
3.57169,2643280,16521,0.00019190687671037307
3.57347,2644880,16531,0.00019194985118380949
3.5755,2646480,16541,0.00019193568150990652
3.57737,2648080,16551,0.00019191001703808969
3.57913,2649680,16561,0.00019192389054452363
3.58093,2651280,16571,0.00019187334471875914
3.58299,2652880,16581,0.00019192283610224015
3.58479,2654480,16591,0.0001918747440796554
3.58657,2656080,16601,0.00019182471660234013
3.58839,2657680,16611,0.00019185207330307298
3.59022,2659280,16621,0.00019180893568599908
3.59222,2660880,16631,0.00019178820599073318
3.59403,2662480,16641,0.00019181533519137955
3.59582,2664080,16651,0.00019176815800104122
3.59766,2665680,16661,0.00019180031261192484
3.5997,2667280,16671,0.00019174764015855543
3.60148,2668880,16681,0.000191757065181564
3.6034,2670480,16691,0.0001917605609483581
3.60528,2672080,16701,0.00019166463395106983
3.60741,2673680,16711,0.00019173952549244623
3.60925,2675280,16721,0.00019167410545524628
3.61112,2676880,16731,0.00019164561392472426
3.61297,2678480,16741,0.00019166390692116828
3.61512,2680080,16751,0.00019159821505758574
3.61697,2681680,16761,0.00019155773644278888
3.61882,2683280,16771,0.0001915526443507648
3.62069,2684880,16781,0.00019146954739344968
3.62284,2686480,16791,0.00019148674871016444
3.62477,2688080,16801,0.0001914297972537525
3.62663,2689680,16811,0.0001913655113812765
3.62848,2691280,16821,0.00019135481428374408
3.63053,2692880,16831,0.0001913338734872965
3.63233,2694480,16841,0.00019134636680731044
3.63414,2696080,16851,0.00019128603504825308
3.63592,2697680,16861,0.00019123603631664848
3.638,2699280,16871,0.0001912448132772044
3.63982,2700880,16881,0.00019119411294428283
3.64165,2702480,16891,0.0001911969782597122
3.64351,2704080,16901,0.0001911269948501968
3.64559,2705680,16911,0.0001911015136161938
3.64735,2707280,16921,0.0001911545243146167
3.64913,2708880,16931,0.00019109105114880308
3.65095,2710480,16941,0.00019107621458913648
3.65297,2712080,16951,0.00019100690817657612
3.65476,2713680,16961,0.0001910331763978878
3.65661,2715280,16971,0.0001910804827511426
3.65842,2716880,16981,0.00019099320693216106
3.66053,2718480,16991,0.00019094474990452928
3.66234,2720080,17001,0.00019092880600462062
3.6641,2721680,17011,0.0001909249331658973
3.66589,2723280,17021,0.00019093377183670122
3.66788,2724880,17031,0.00019081595426149664
3.66963,2726480,17041,0.0001907879363100065
3.67144,2728080,17051,0.00019075531158216016
3.67321,2729680,17061,0.0001907178457016146
3.67521,2731280,17071,0.00019069663609856333
3.67697,2732880,17081,0.00019062450715239335
3.67875,2734480,17091,0.0001905919065366829
3.68052,2736080,17101,0.00019061191328845553
3.68254,2737680,17111,0.00019052416054875926
3.68427,2739280,17121,0.00019049028794355417
3.68601,2740880,17131,0.00019041480026216195
3.68783,2742480,17141,0.0001903991007871364
3.68984,2744080,17151,0.00019038411317013997
3.6916,2745680,17161,0.0001903076500065215
3.69337,2747280,17171,0.0001902797549634995
3.69512,2748880,17181,0.00019024443357843444
3.69713,2750480,17191,0.00019022763550474026
3.69888,2752080,17201,0.00019017366837143293
3.70063,2753680,17211,0.0001900994863100556
3.70241,2755280,17221,0.00019011339662946929
3.70446,2756880,17231,0.00019009373431931945
3.70624,2758480,17241,0.000189997901228256
3.70805,2760080,17251,0.0001899548687182128
3.70985,2761680,17261,0.0001898337723617114
3.7119,2763280,17271,0.00018985437910285646
3.71368,2764880,17281,0.00018979882365489052
3.71548,2766480,17291,0.0001896834508083381
3.71733,2768080,17301,0.00018964864026302028
3.71935,2769680,17311,0.00018957878113404908
3.72111,2771280,17321,0.00018956572090272385
3.72287,2772880,17331,0.00018948475026484696
3.72463,2774480,17341,0.00018941949957632619
3.72663,2776080,17351,0.00018939133383980532
3.7284,2777680,17361,0.00018932915375320138
3.73016,2779280,17371,0.00018929044864136012
3.73195,2780880,17381,0.00018921569858914786
3.73397,2782480,17391,0.0001891315793919289
3.73573,2784080,17401,0.00018916152822420242
3.7375,2785680,17411,0.0001890721874624017
3.73929,2787280,17421,0.0001890153663066177
3.74128,2788880,17431,0.0001889221447041057
3.74305,2790480,17441,0.00018884209531267945
3.74486,2792080,17451,0.00018886487844032955
3.74664,2793680,17461,0.00018876670565281216
3.74868,2795280,17471,0.00018868503314876592
3.75043,2796880,17481,0.0001886492683416119
3.75219,2798480,17491,0.0001885727305821431
3.75397,2800080,17501,0.0001885733478866336
3.756,2801680,17511,0.00018846263567598442
3.7578,2803280,17521,0.000188392292466949
3.75959,2804880,17531,0.00018836465460038247
3.76139,2806480,17541,0.00018827424407980367
3.76349,2808080,17551,0.00018824981952056397
3.76531,2809680,17561,0.00018817678623447333
3.76711,2811280,17571,0.00018807709850602976
3.76901,2812880,17581,0.0001880304310729313
3.77088,2814480,17591,0.00018795832632592484
3.77309,2816080,17601,0.00018792209396294862
3.77498,2817680,17611,0.00018779527588510744
3.77685,2819280,17621,0.00018778375330824604
3.77873,2820880,17631,0.0001877184758339364
3.78086,2822480,17641,0.0001875981760982668
3.78268,2824080,17651,0.00018757386258311942
3.78452,2825680,17661,0.00018746175374013616
3.78632,2827280,17671,0.00018745097098903443
3.78838,2828880,17681,0.00018738958698160876
3.79019,2830480,17691,0.00018728041428618496
3.79201,2832080,17701,0.00018726568949505376
3.79384,2833680,17711,0.00018718107195764278
3.796,2835280,17721,0.00018707448452560255
3.79785,2836880,17731,0.00018700803858537687
3.79975,2838480,17741,0.00018692425334825707
3.80162,2840080,17751,0.00018689830885616938
3.80376,2841680,17761,0.00018680801720325456
3.80559,2843280,17771,0.00018677961051472014
3.80743,2844880,17781,0.0001867501346633979
3.80925,2846480,17791,0.00018674471380844375
3.81137,2848080,17801,0.00018678215818876583
3.81321,2849680,17811,0.0001867001173461759
3.81507,2851280,17821,0.00018666460997944154
3.81698,2852880,17831,0.00018664196754160194
3.8192,2854480,17841,0.00018658131971193738
3.82106,2856080,17851,0.00018662301094935808
3.82291,2857680,17861,0.00018654158535287048
3.82477,2859280,17871,0.00018646328896796717
3.82689,2860880,17881,0.00018642755230353046
3.82877,2862480,17891,0.000186406455192965
3.83064,2864080,17901,0.00018639215393669722
3.83248,2865680,17911,0.00018635139805250195
3.83462,2867280,17921,0.0001863254931704153
3.83645,2868880,17931,0.00018633332075234342
3.83832,2870480,17941,0.0001862970121303733
3.84015,2872080,17951,0.0001862697595779502
3.84225,2873680,17961,0.00018621556271973365
3.84412,2875280,17971,0.0001862208263934198
3.846,2876880,17981,0.00018619972582598066
3.84786,2878480,17991,0.00018612075253042655
3.84999,2880080,18001,0.00018615990897405225
3.85183,2881680,18011,0.0001860885842133661
3.85366,2883280,18021,0.00018606896256657957
3.85551,2884880,18031,0.00018600864677762417
3.85763,2886480,18041,0.00018592439525323343
3.85946,2888080,18051,0.00018591151761238912
3.86132,2889680,18061,0.00018584654963771895
3.86315,2891280,18071,0.00018584408547001226
3.86524,2892880,18081,0.00018577324248023053
3.86709,2894480,18091,0.0001857037194824343
3.86895,2896080,18101,0.0001857059847287859
3.8708,2897680,18111,0.00018564901976318889
3.87295,2899280,18121,0.00018562456152885869
3.87479,2900880,18131,0.0001855677495425246
3.87662,2902480,18141,0.00018552589800545707
3.8785,2904080,18151,0.0001855139027860369
3.88068,2905680,18161,0.00018542620033916088
3.88252,2907280,18171,0.00018541877896239428
3.88438,2908880,18181,0.00018535657656401118
3.88621,2910480,18191,0.00018531321354501966
3.88838,2912080,18201,0.0001852982379119926
3.89025,2913680,18211,0.00018520734389409696
3.8921,2915280,18221,0.00018521272137250397
3.89395,2916880,18231,0.00018512858972490227
3.89614,2918480,18241,0.0001850876734415894
3.89799,2920080,18251,0.00018504254021977154
3.89985,2921680,18261,0.00018495644046642723
3.90171,2923280,18271,0.00018492898815730512
3.90383,2924880,18281,0.00018484814416109413
3.90564,2926480,18291,0.0001847731332707981
3.90748,2928080,18301,0.00018474373946930286
3.90934,2929680,18311,0.00018468034529149635
3.91146,2931280,18321,0.0001846870900548813
3.91334,2932880,18331,0.00018460088972691718
3.91517,2934480,18341,0.00018451893381255663
3.91702,2936080,18351,0.00018444785770708322
3.91912,2937680,18361,0.0001843884600468814
3.92095,2939280,18371,0.00018438725251827826
3.92278,2940880,18381,0.00018429828680204853
3.9246,2942480,18391,0.00018422143101011132
3.92669,2944080,18401,0.00018414284462561943
3.92854,2945680,18411,0.00018407108182898028
3.9304,2947280,18421,0.00018406340708955124
3.93225,2948880,18431,0.00018395510802938358
3.93442,2950480,18441,0.00018388938484868722
3.93625,2952080,18451,0.0001838177708739664
3.93808,2953680,18461,0.00018375377166755455
3.93992,2955280,18471,0.00018370644844181022
3.94202,2956880,18481,0.00018362311057522687
3.94386,2958480,18491,0.00018362367859131763
3.94574,2960080,18501,0.00018351437708292312
3.94756,2961680,18511,0.0001834367692039214
3.94972,2963280,18521,0.0001833611049020193
3.95155,2964880,18531,0.00018326018974611225
3.9534,2966480,18541,0.0001832343239411595
3.95523,2968080,18551,0.00018315453769190276
3.95705,2969680,18561,0.00018308739737029657
3.95909,2971280,18571,0.00018299905838571953
3.96094,2972880,18581,0.00018292562307604086
3.96283,2974480,18591,0.00018288676569464674
3.96466,2976080,18601,0.00018277276413381643
3.96682,2977680,18611,0.00018269814751222142
3.96869,2979280,18621,0.00018263331332766218
3.97053,2980880,18631,0.00018253983097012844
3.97236,2982480,18641,0.00018250020218741649
3.97446,2984080,18651,0.00018235736996327807
3.97627,2985680,18661,0.0001822877212387091
3.97811,2987280,18671,0.00018221874160573304
3.97998,2988880,18681,0.00018213549785558655
3.98211,2990480,18691,0.00018206027842672216
3.98394,2992080,18701,0.00018191905010977658
3.98577,2993680,18711,0.00018186611849424494
3.9876,2995280,18721,0.00018177370732047615
3.98973,2996880,18731,0.00018169141152234516
3.99155,2998480,18741,0.0001816281867485208
3.99341,3000080,18751,0.0001815363799382054
3.9953,3001680,18761,0.00018143785011509247
3.99748,3003280,18771,0.0001813310897364178
3.99931,3004880,18781,0.00018122347910275692
4.00113,3006480,18791,0.0001811685130621906
4.00294,3008080,18801,0.00018106412994262425
4.00505,3009680,18811,0.00018101611924234082
4.0069,3011280,18821,0.00018090436795244712
4.00872,3012880,18831,0.00018079778210851848
4.01056,3014480,18841,0.00018069991466504107
4.0127,3016080,18851,0.00018060398768666303
4.01452,3017680,18861,0.00018057415029559126
4.01635,3019280,18871,0.000180417392152429
4.01819,3020880,18881,0.00018033493475043579
4.02029,3022480,18891,0.0001802588380371995
4.02211,3024080,18901,0.00018012274488031846
4.024,3025680,18911,0.0001800387574883433
4.02584,3027280,18921,0.00017988459588509295
4.02797,3028880,18931,0.0001798444349160929
4.02982,3030480,18941,0.00017973452919183876
4.03165,3032080,18951,0.0001796415317793544
4.03351,3033680,18961,0.00017951590382533043
4.03562,3035280,18971,0.00017938849432538873
4.03746,3036880,18981,0.0001793512878714796
4.03929,3038480,18991,0.00017922913087888015
4.04115,3040080,19001,0.00017912816430554548
4.04323,3041680,19011,0.00017902100826448428
4.04505,3043280,19021,0.00017890551057285313
4.0469,3044880,19031,0.00017885414955750786
4.04874,3046480,19041,0.00017869298524589468
4.05085,3048080,19051,0.0001785950222358123
4.05267,3049680,19061,0.00017849002968434863
4.05453,3051280,19071,0.00017838166802054516
4.0564,3052880,19081,0.00017833416663026735
4.05849,3054480,19091,0.00017818861025457357
4.06031,3056080,19101,0.0001781401017238761
4.06215,3057680,19111,0.00017802499177600045
4.064,3059280,19121,0.00017798590365610857
4.06614,3060880,19131,0.00017790219173933683
4.06798,3062480,19141,0.00017778409310772493
4.06983,3064080,19151,0.00017775348911395691
4.07166,3065680,19161,0.00017765702357911382
4.07375,3067280,19171,0.00017758084967011561
4.07558,3068880,19181,0.0001774924360161325
4.07743,3070480,19191,0.00017739835414547385
4.07928,3072080,19201,0.00017738056059448878
4.08141,3073680,19211,0.00017729641925686053
4.08325,3075280,19221,0.00017720559015825012
4.08507,3076880,19231,0.0001771230388525509
4.0869,3078480,19241,0.000177043977348983
4.08901,3080080,19251,0.00017701436855252495
4.09085,3081680,19261,0.000176894245518101
4.09265,3083280,19271,0.00017687248174641512
4.09453,3084880,19281,0.00017678409602036628
4.09673,3086480,19291,0.00017672240494611725
4.09859,3088080,19301,0.00017668817909816462
4.10044,3089680,19311,0.00017653587643231584
4.10227,3091280,19321,0.0001764932859304024
4.1044,3092880,19331,0.00017642815845005447
4.1063,3094480,19341,0.00017638468229869836
4.10816,3096080,19351,0.0001762959259962553
4.11003,3097680,19361,0.00017619074723605223
4.11224,3099280,19371,0.00017616438738392998
4.11414,3100880,19381,0.00017606340492482518
4.11599,3102480,19391,0.00017600615452456614
4.11786,3104080,19401,0.00017588238812332388
4.12,3105680,19411,0.00017580067329317148
4.12185,3107280,19421,0.00017574487061513926
4.1237,3108880,19431,0.00017569032517372393
4.12556,3110480,19441,0.00017568144879047398
4.12768,3112080,19451,0.00017560105547399438
4.12957,3113680,19461,0.00017558926869139582
4.13143,3115280,19471,0.00017560201141530486
4.1333,3116880,19481,0.00017550795760036368
4.13539,3118480,19491,0.00017546991088111634
4.13726,3120080,19501,0.00017537935788708263
4.13915,3121680,19511,0.0001753684421123454
4.14098,3123280,19521,0.00017533123660018295
4.14305,3124880,19531,0.00017521087742586143
4.14488,3126480,19541,0.00017518122527328088
4.14673,3128080,19551,0.000175118620751865
4.1486,3129680,19561,0.00017515329488768626
4.15044,3131280,19571,0.0001750558969537165
4.15256,3132880,19581,0.0001749630500340587
4.15438,3134480,19591,0.00017493503917962241
4.15623,3136080,19601,0.00017489136577732503
4.15805,3137680,19611,0.00017486268078883288
4.16012,3139280,19621,0.0001747641291605078
4.16199,3140880,19631,0.00017473010577123693
4.16385,3142480,19641,0.00017469666736795106
4.16573,3144080,19651,0.00017465117789880295
4.16787,3145680,19661,0.00017460030690440165
4.16968,3147280,19671,0.00017449735842085118
4.17151,3148880,19681,0.00017444558976584257
4.17334,3150480,19691,0.00017442355527824867
4.17542,3152080,19701,0.0001743575373648592
4.17727,3153680,19711,0.00017432255998953844
4.17909,3155280,19721,0.00017425829111358988
4.18096,3156880,19731,0.0001742546762857431
4.18308,3158480,19741,0.00017419113171563728
4.18491,3160080,19751,0.0001741319902825375
4.18678,3161680,19761,0.00017408828419049859
4.18859,3163280,19771,0.00017404153992827548
4.19077,3164880,19781,0.000174046164363428
4.19259,3166480,19791,0.0001739265260994622
4.19448,3168080,19801,0.00017390345713038692
4.19645,3169680,19811,0.00017385213932307776
4.19862,3171280,19821,0.00017380619514589107
4.20047,3172880,19831,0.00017377866404860547
4.20235,3174480,19841,0.0001736331411260287
4.20417,3176080,19851,0.00017360608364458234
4.2063,3177680,19861,0.00017353534704331666
4.20812,3179280,19871,0.00017347615151871304
4.20994,3180880,19881,0.00017344745572595369
4.21179,3182480,19891,0.00017338231456067235
4.214,3184080,19901,0.00017334025194147562
4.21584,3185680,19911,0.00017326680643368203
4.21772,3187280,19921,0.00017322216078381053
4.21959,3188880,19931,0.00017315712252951275
4.2217,3190480,19941,0.00017306530642516305
4.22353,3192080,19951,0.00017306700473439414
4.22535,3193680,19961,0.00017298072222085917
4.22724,3195280,19971,0.0001729363219488654
4.22944,3196880,19981,0.00017289407775076399
4.23129,3198480,19991,0.00017284324909872667
4.23317,3200080,20001,0.00017282219579005387
4.23501,3201680,20011,0.00017272641305437174
4.23718,3203280,20021,0.00017271024935730343
4.23905,3204880,20031,0.0001726167100552546
4.24088,3206480,20041,0.00017260194450288355
4.24272,3208080,20051,0.0001725323623769752
4.24488,3209680,20061,0.00017244205968194697
4.24678,3211280,20071,0.000172436705421615
4.24866,3212880,20081,0.00017236446454482572
4.25053,3214480,20091,0.00017231566997709565
4.25268,3216080,20101,0.00017221660241656563
4.25456,3217680,20111,0.00017219223081308896
4.25646,3219280,20121,0.00017222381461163075
4.25832,3220880,20131,0.00017218387968233329
4.26046,3222480,20141,0.00017218837235094715
4.26231,3224080,20151,0.0001721264099400696
4.2642,3225680,20161,0.0001721511782471971
4.26611,3227280,20171,0.0001721663739483112
4.26835,3228880,20181,0.000172097249824716
4.27036,3230480,20191,0.0001721108992481027
4.27224,3232080,20201,0.00017205836532488243
4.27412,3233680,20211,0.00017207423656441165
4.27634,3235280,20221,0.00017204275413199022
4.2783,3236880,20231,0.00017195278046842032
4.28021,3238480,20241,0.00017198157499039891
4.2821,3240080,20251,0.00017194585819722136
4.2843,3241680,20261,0.00017195167109540672
4.28619,3243280,20271,0.0001718719593718429
4.28805,3244880,20281,0.00017183650040725543
4.28991,3246480,20291,0.0001718180692943938
4.29207,3248080,20301,0.00017178133377250895
4.29394,3249680,20311,0.0001717820517649956
4.2959,3251280,20321,0.00017170389843301076
4.29787,3252880,20331,0.00017167112215034884
4.30007,3254480,20341,0.00017163914037392376
4.30196,3256080,20351,0.00017156089314568183
4.30383,3257680,20361,0.00017155772171661282
4.3057,3259280,20371,0.00017150895582902607
4.30794,3260880,20381,0.0001714957968092356
4.30982,3262480,20391,0.00017143973302439532
4.31174,3264080,20401,0.00017141141839852742
4.31372,3265680,20411,0.0001713842637802495
4.31596,3267280,20421,0.00017129460643645032
4.31784,3268880,20431,0.00017131181880255045
4.31967,3270480,20441,0.0001712229115945832
4.32152,3272080,20451,0.0001712167097926466
4.32375,3273680,20461,0.00017116786504974002
4.32565,3275280,20471,0.00017114073124484958
4.32752,3276880,20481,0.00017113211893038383
4.32948,3278480,20491,0.00017105737871176557
4.3317,3280080,20501,0.00017103801128769136
4.33359,3281680,20511,0.00017098178233398466
4.33545,3283280,20521,0.00017093228820170073
4.3373,3284880,20531,0.00017087951094428566
4.33917,3286480,20541,0.00017081120144082224
4.34133,3288080,20551,0.00017079353401885933
4.34318,3289680,20561,0.00017073112049106366
4.3451,3291280,20571,0.00017067328360304175
4.347,3292880,20581,0.00017061036252158553
4.34916,3294480,20591,0.00017055334085963603
4.35103,3296080,20601,0.00017054703517095128
4.35292,3297680,20611,0.00017047500312388636
4.35481,3299280,20621,0.00017044735175211767
4.35697,3300880,20631,0.00017037093756311524
4.35882,3302480,20641,0.00017031471788653794
4.36073,3304080,20651,0.00017028427165019164
4.36263,3305680,20661,0.00017018134515515808
4.36477,3307280,20671,0.00017013076430543762
4.36715,3308880,20681,0.0001700542778627582
4.36907,3310480,20691,0.00017004328445474788
4.37101,3312080,20701,0.00016997880298585434
4.37318,3313680,20711,0.00016989143064161105
4.37497,3315280,20721,0.0001698458791046832
4.37681,3316880,20731,0.00016976036857382568
4.37871,3318480,20741,0.00016972273365302437
4.38093,3320080,20751,0.00016965287860045038
4.38278,3321680,20761,0.00016961378466471937
4.38467,3323280,20771,0.00016958509099268895
4.38651,3324880,20781,0.0001695154203994985
4.38863,3326480,20791,0.0001694483749219121
4.39054,3328080,20801,0.0001693630500722628
4.39239,3329680,20811,0.0001693345789103469
4.39427,3331280,20821,0.0001693229535376095
4.39646,3332880,20831,0.00016925069639429045
4.39833,3334480,20841,0.0001692060255803398
4.40025,3336080,20851,0.0001690931267457063
4.40209,3337680,20861,0.0001690813596249615
4.40421,3339280,20871,0.00016902500119607075
4.40607,3340880,20881,0.0001689350351200842
4.40792,3342480,20891,0.00016891133109870997
4.40981,3344080,20901,0.00016881479216247774
4.41199,3345680,20911,0.0001688037566216962
4.41387,3347280,20921,0.000168705109655682
4.41577,3348880,20931,0.00016864982685608522
4.41767,3350480,20941,0.00016861548465040704
4.4198,3352080,20951,0.00016853208816463953
4.42165,3353680,20961,0.0001684964302010889
4.42348,3355280,20971,0.0001683768783880147
4.42531,3356880,20981,0.00016832464368505932
4.42748,3358480,20991,0.00016827828516412756
4.42939,3360080,21001,0.00016819522316341602
4.43128,3361680,21011,0.00016815587661761673
4.43319,3363280,21021,0.00016809639969022662
4.43538,3364880,21031,0.00016805960218989162
4.43724,3366480,21041,0.000167997029457247
4.43908,3368080,21051,0.00016791845257056043
4.44093,3369680,21061,0.0001678457219508843
4.44305,3371280,21071,0.00016774882188188775
4.44494,3372880,21081,0.00016772596010632655
4.44686,3374480,21091,0.00016763247357451556
4.44874,3376080,21101,0.00016755440952343284
4.45089,3377680,21111,0.0001674912521476401
4.45274,3379280,21121,0.00016741403756535302
4.45461,3380880,21131,0.000167397472478837
4.45648,3382480,21141,0.0001672601439625821
4.4586,3384080,21151,0.00016725544037901607
4.46047,3385680,21161,0.00016722332102103547
4.46236,3387280,21171,0.0001672156282027451
4.46427,3388880,21181,0.00016722487505931374
4.46644,3390480,21191,0.0001671272739509188
4.46829,3392080,21201,0.0001671196414893255
4.47014,3393680,21211,0.00016709953685112647
4.47207,3395280,21221,0.00016706714139079135
4.47419,3396880,21231,0.0001670302745005233
4.476,3398480,21241,0.00016696287244430223
4.47785,3400080,21251,0.00016696070857199694
4.47977,3401680,21261,0.00016690102378108876
4.48198,3403280,21271,0.00016684435197365614
4.48387,3404880,21281,0.00016680644024799976
4.48569,3406480,21291,0.00016673630859275965
4.48756,3408080,21301,0.00016675163708577793
4.48971,3409680,21311,0.00016666282533518706
4.49159,3411280,21321,0.00016664038065330837
4.49343,3412880,21331,0.00016659294895689236
4.49532,3414480,21341,0.00016657741070100207
4.49752,3416080,21351,0.00016654534487690192
4.49942,3417680,21361,0.00016648901173572928
4.50125,3419280,21371,0.00016646923453197265
4.50308,3420880,21381,0.00016642038064206
4.5052,3422480,21391,0.00016638396273768556
4.50706,3424080,21401,0.00016631757870138805
4.50894,3425680,21411,0.0001662590011106066
4.51081,3427280,21421,0.00016624822552731115
4.51307,3428880,21431,0.00016619998300800888
4.51491,3430480,21441,0.00016613882164543368
4.51679,3432080,21451,0.00016606029725437302
4.51867,3433680,21461,0.00016601734359123974
4.52075,3435280,21471,0.00016602218045884236
4.52257,3436880,21481,0.00016593592055924936
4.52441,3438480,21491,0.00016590012496796314
4.52627,3440080,21501,0.00016585471751936164
4.5284,3441680,21511,0.00016581051062069044
4.53029,3443280,21521,0.00016578136556172698
4.53212,3444880,21531,0.00016570710222667956
4.53399,3446480,21541,0.00016565983808099378
4.53591,3448080,21551,0.00016561022908913835
4.53803,3449680,21561,0.0001655725281482362
4.53985,3451280,21571,0.00016550217736184883
4.5417,3452880,21581,0.00016544379552805265
4.54353,3454480,21591,0.00016541549736562647
4.54568,3456080,21601,0.00016533415477994022
4.54757,3457680,21611,0.0001652613109505239
4.54943,3459280,21621,0.00016520684134631487
4.5513,3460880,21631,0.00016516778907279227
4.55343,3462480,21641,0.00016515386529391586
4.55524,3464080,21651,0.00016503973229426393
4.55706,3465680,21661,0.00016499512379292494
4.5589,3467280,21671,0.00016492179714093502
4.56102,3468880,21681,0.0001648692575828125
4.56286,3470480,21691,0.00016483255920714257
4.56474,3472080,21701,0.00016475668590488005
4.56657,3473680,21711,0.000164696227546713
4.56867,3475280,21721,0.0001646431352688351
4.57052,3476880,21731,0.00016458529834348194
4.57234,3478480,21741,0.00016451593070490426
4.57418,3480080,21751,0.00016443502891974257
4.57626,3481680,21761,0.00016440579214803581
4.5781,3483280,21771,0.0001643099339120116
4.57998,3484880,21781,0.00016425462483881
4.58184,3486480,21791,0.00016416395136791342
4.58398,3488080,21801,0.00016409711172591691
4.58584,3489680,21811,0.00016408350315273885
4.58767,3491280,21821,0.0001639842326253034
4.58953,3492880,21831,0.0001639041722251173
4.59163,3494480,21841,0.00016383179918785275
4.59348,3496080,21851,0.00016377191087034101
4.59532,3497680,21861,0.00016375205660034559
4.59718,3499280,21871,0.0001636234606678024
4.59932,3500880,21881,0.00016359734351670263
4.6012,3502480,21891,0.0001635443489885792
4.60306,3504080,21901,0.00016351711389844814
4.60496,3505680,21911,0.00016348932787288092
4.60718,3507280,21921,0.00016338142480951633
4.60906,3508880,21931,0.00016336280157977848
4.61092,3510480,21941,0.00016333921251323463
4.61279,3512080,21951,0.00016331092078232176
4.61494,3513680,21961,0.00016327213000818727
4.61682,3515280,21971,0.0001631925477578438
4.61866,3516880,21981,0.00016318171117976274
4.6205,3518480,21991,0.0001631299272650353
4.62265,3520080,22001,0.00016309025244221238
4.62449,3521680,22011,0.00016302463900358215
4.6263,3523280,22021,0.00016295887913755913
4.62817,3524880,22031,0.00016296179689779394
4.63031,3526480,22041,0.00016287153949122272
4.63215,3528080,22051,0.0001628154957075273
4.63403,3529680,22061,0.00016276513905660872
4.63589,3531280,22071,0.00016274212100072377
4.638,3532880,22081,0.00016272905204374466
4.63984,3534480,22091,0.00016262039206383326
4.64165,3536080,22101,0.00016259388638149679
4.64348,3537680,22111,0.0001625424282399729
4.64567,3539280,22121,0.00016248873115193123
4.64754,3540880,22131,0.00016245732154476777
4.64939,3542480,22141,0.00016236490198621827
4.65127,3544080,22151,0.00016233080703823705
4.65342,3545680,22161,0.00016227217112680693
4.65526,3547280,22171,0.00016222074704668778
4.65709,3548880,22181,0.00016217395031721364
4.65893,3550480,22191,0.0001620930400368665
4.66108,3552080,22201,0.00016207942887882555
4.66295,3553680,22211,0.00016200454532197886
4.6648,3555280,22221,0.00016192087885052303
4.66675,3556880,22231,0.00016188542759796969
4.66892,3558480,22241,0.00016180653508078915
4.67074,3560080,22251,0.0001618003111350328
4.67258,3561680,22261,0.00016170908350844268
4.67443,3563280,22271,0.00016162074086783877
4.67652,3564880,22281,0.00016156692036350083
4.67839,3566480,22291,0.00016150345791105317
4.68025,3568080,22301,0.00016146104653516277
4.68209,3569680,22311,0.00016137895869252315
4.68427,3571280,22321,0.00016134724395271485
4.68608,3572880,22331,0.0001613017419062248
4.6879,3574480,22341,0.000161231247776868
4.68972,3576080,22351,0.0001611853389812453
4.69184,3577680,22361,0.0001611015739870908
4.6937,3579280,22371,0.000161090169743857
4.69557,3580880,22381,0.00016104601572729076
4.6975,3582480,22391,0.00016094953337091565
4.69967,3584080,22401,0.00016090480021121144
4.70152,3585680,22411,0.0001608013575520456
4.70338,3587280,22421,0.0001607739578652033
4.70523,3588880,22431,0.00016069920044867875
4.70736,3590480,22441,0.00016064478530859565
4.70924,3592080,22451,0.00016059302056498775
4.71111,3593680,22461,0.00016051463983351132
4.71304,3595280,22471,0.00016046820386164846
4.71522,3596880,22481,0.00016037830403877948
4.71711,3598480,22491,0.0001603035095180238
4.71898,3600080,22501,0.00016027217690914308
4.72085,3601680,22511,0.00016018686856173608
4.72267,3603280,22521,0.00016011267330755773
4.72478,3604880,22531,0.00016002479007586057
4.72665,3606480,22541,0.0001599528029412895
4.72855,3608080,22551,0.00015992849075962406
4.7304,3609680,22561,0.00015981414738133748
4.73256,3611280,22571,0.00015977285979742843
4.73444,3612880,22581,0.00015969636034230718
4.73629,3614480,22591,0.00015961214287807043
4.73815,3616080,22601,0.00015955782848278872
4.74024,3617680,22611,0.00015949982226102707
4.74207,3619280,22621,0.00015943024332850698
4.74392,3620880,22631,0.00015937263955243842
4.74579,3622480,22641,0.0001593129802389126
4.74795,3624080,22651,0.0001592474361260584
4.74981,3625680,22661,0.0001591317641060578
4.75167,3627280,22671,0.00015908772421100413
4.7535,3628880,22681,0.00015902894884294548
4.7556,3630480,22691,0.00015892988788617814
4.75748,3632080,22701,0.00015886633646516532
4.75931,3633680,22711,0.00015876204274411186
4.76116,3635280,22721,0.0001587350935418584
4.76338,3636880,22731,0.00015864491224363252
4.76546,3638480,22741,0.00015854852574556828
4.76733,3640080,22751,0.00015848821770703993
4.76919,3641680,22761,0.00015843600306045952
4.77131,3643280,22771,0.00015840938153173154
4.77316,3644880,22781,0.00015830805367878127
4.77499,3646480,22791,0.00015822184312722087
4.77682,3648080,22801,0.00015816124666697025
4.77892,3649680,22811,0.00015808190057430005
4.78078,3651280,22821,0.00015801472999310215
4.78263,3652880,22831,0.00015790999618451804
4.78448,3654480,22841,0.00015784333002876426
4.78661,3656080,22851,0.00015778851421082568
4.78846,3657680,22861,0.00015766108641601835
4.79029,3659280,22871,0.0001576049011480559
4.79212,3660880,22881,0.00015752267460898695
4.79424,3662480,22891,0.00015746076409396334
4.79612,3664080,22901,0.00015739463861203298
4.79798,3665680,22911,0.0001572899230157139
4.79983,3667280,22921,0.0001572223522867868
4.80194,3668880,22931,0.00015714113469628144
4.8038,3670480,22941,0.00015707232726295574
4.80563,3672080,22951,0.00015699584369490045
4.80753,3673680,22961,0.0001568690013714312
4.80964,3675280,22971,0.0001568236605180729
4.81151,3676880,22981,0.00015673233906267695
4.81338,3678480,22991,0.00015662652976046812
4.81523,3680080,23001,0.00015654096392383673
4.81738,3681680,23011,0.00015644766749426872
4.81921,3683280,23021,0.00015643349459397438
4.82106,3684880,23031,0.00015633332799877726
4.82293,3686480,23041,0.0001562494937952484
4.82505,3688080,23051,0.00015618014349094538
4.82689,3689680,23061,0.0001560445358961375
4.82873,3691280,23071,0.00015599922052549932
4.83062,3692880,23081,0.00015588812458612426
4.83274,3694480,23091,0.0001558121447858378
4.8346,3696080,23101,0.00015574487311602846
4.83642,3697680,23111,0.00015564403663776913
4.83824,3699280,23121,0.00015557706806086646
4.84035,3700880,23131,0.00015546149779833984
4.84218,3702480,23141,0.00015538904459821458
4.84402,3704080,23151,0.00015533600330775756
4.84593,3705680,23161,0.00015522211243763386
4.84811,3707280,23171,0.00015512789619688896
4.84999,3708880,23181,0.00015505501064150273
4.85182,3710480,23191,0.00015498316082047069
4.85366,3712080,23201,0.00015494043921693464
4.85579,3713680,23211,0.00015480499184322358
4.85766,3715280,23221,0.00015473711261813732
4.85954,3716880,23231,0.0001546820119131976
4.86142,3718480,23241,0.00015458249281448573
4.86357,3720080,23251,0.00015450583486550928
4.86544,3721680,23261,0.00015439659855999606
4.8673,3723280,23271,0.0001544045720421553
4.86919,3724880,23281,0.00015437072854519902
4.87134,3726480,23291,0.00015428945137303633
4.87322,3728080,23301,0.00015426163843593015
4.87504,3729680,23311,0.0001541942714970452
4.8769,3731280,23321,0.00015418813186521274
4.87904,3732880,23331,0.00015414511283578548
4.88095,3734480,23341,0.0001540507209899563
4.8828,3736080,23351,0.00015403432566232257
4.88467,3737680,23361,0.00015396166624005725
4.88682,3739280,23371,0.00015392107872583272
4.88868,3740880,23381,0.00015386633977379667
4.89055,3742480,23391,0.00015381995035811634
4.89244,3744080,23401,0.00015381624521428224
4.89458,3745680,23411,0.0001537517918404844
4.89646,3747280,23421,0.00015367728135384263
4.89833,3748880,23431,0.00015362344142957549
4.90019,3750480,23441,0.00015354549820104438
4.9023,3752080,23451,0.00015352175895992637
4.90416,3753680,23461,0.00015345242216348136
4.90601,3755280,23471,0.00015339717626071565
4.90785,3756880,23481,0.00015335598626500975
4.9097,3758480,23491,0.00015330281277437484
4.91184,3760080,23501,0.00015327545866799207
4.91372,3761680,23511,0.00015319229634781772
4.91554,3763280,23521,0.00015314017517214888
4.91828,3764880,23531,0.00015311179269305968
4.92229,3766480,23541,0.00015304592756431624
4.92522,3768080,23551,0.00015302149259817377
4.92739,3769680,23561,0.00015295688457366181
4.92946,3771280,23571,0.00015286054591811225
4.93195,3772880,23581,0.00015285002607559085
4.93397,3774480,23591,0.0001527605685292758
4.93594,3776080,23601,0.0001526978426668029
4.9379,3777680,23611,0.00015264053954001065
4.94029,3779280,23621,0.0001526103389591655
4.94222,3780880,23631,0.00015257532303119235
4.94424,3782480,23641,0.0001524791089989007
4.94624,3784080,23651,0.00015242064152396276
4.94874,3785680,23661,0.0001523903576920796
4.95084,3787280,23671,0.00015233432239965088
4.95281,3788880,23681,0.00015227376643529855
4.95475,3790480,23691,0.00015217478520343497
4.95709,3792080,23701,0.00015213441698284924
4.95901,3793680,23711,0.00015209844048017993
4.96106,3795280,23721,0.00015200865762772346
4.963,3796880,23731,0.00015198435348324872
4.96529,3798480,23741,0.00015188708611912904
4.96719,3800080,23751,0.00015183223609486866
4.9691,3801680,23761,0.00015178911406181668
4.97098,3803280,23771,0.00015168228437253614
4.97316,3804880,23781,0.00015164158726282614
4.97502,3806480,23791,0.00015158263508519877
4.9769,3808080,23801,0.00015151481938920942
4.97882,3809680,23811,0.00015145996532437388
4.981,3811280,23821,0.00015138536750432079
4.98289,3812880,23831,0.0001513449965808919
4.98473,3814480,23841,0.0001513056266488795
4.98666,3816080,23851,0.00015125530406719968
4.98881,3817680,23861,0.00015122212586774278
4.99069,3819280,23871,0.00015115282512572457
4.99252,3820880,23881,0.00015110003110654392
4.99439,3822480,23891,0.0001510611703724931
4.99657,3824080,23901,0.00015097950444152748
4.99852,3825680,23911,0.00015094455707146542
5.00048,3827280,23921,0.00015088645412156612
5.00231,3828880,23931,0.00015082972491513823
5.0045,3830480,23941,0.00015077924348330142
5.00634,3832080,23951,0.00015069198687070462
5.00818,3833680,23961,0.00015069026874841608
5.01004,3835280,23971,0.00015063910154970023
5.01223,3836880,23981,0.000150557143895216
5.01411,3838480,23991,0.00015053546863976787
5.01615,3840080,24001,0.00015044937882481048
5.01798,3841680,24011,0.000150408443229404
5.02017,3843280,24021,0.00015034715634679174
5.02202,3844880,24031,0.0001502798404716451
5.02387,3846480,24041,0.00015025179343139058
5.02571,3848080,24051,0.00015018518584341417
5.02793,3849680,24061,0.00015013170647022213
5.02983,3851280,24071,0.00015008080004103377
5.03172,3852880,24081,0.00014999849650891052
5.03369,3854480,24091,0.00014995309334076522
5.03584,3856080,24101,0.00014989033298295693
5.03768,3857680,24111,0.00014984113194382864
5.03951,3859280,24121,0.0001498029133102357
5.04134,3860880,24131,0.00014971866809152488
5.04344,3862480,24141,0.0001496833797981368
5.04533,3864080,24151,0.00014960776320055436
5.04719,3865680,24161,0.00014953145308402825
5.04906,3867280,24171,0.00014951484119333364
5.05124,3868880,24181,0.00014945440541028893
5.05309,3870480,24191,0.00014939615351962712
5.05496,3872080,24201,0.00014935430879560972
5.05679,3873680,24211,0.00014929022956655137
5.0589,3875280,24221,0.00014925400072150416
5.06077,3876880,24231,0.0001492221310002758
5.06262,3878480,24241,0.00014915210514358443
5.06451,3880080,24251,0.00014914328116551884
5.06666,3881680,24261,0.00014911095530065373
5.06853,3883280,24271,0.00014910987015493565
5.07036,3884880,24281,0.00014906250291706231
5.07221,3886480,24291,0.00014902527746992952
5.07438,3888080,24301,0.00014901768278442057
5.07623,3889680,24311,0.0001489768956626763
5.07812,3891280,24321,0.0001489390147627282
5.08003,3892880,24331,0.00014892758185382736
5.0822,3894480,24341,0.00014887693827917228
5.08406,3896080,24351,0.0001488674974384676
5.0859,3897680,24361,0.0001488281035998476
5.08777,3899280,24371,0.00014878664746160314
5.08987,3900880,24381,0.00014876478637369794
5.09173,3902480,24391,0.00014871584361304986
5.09356,3904080,24401,0.0001486866952871927
5.09546,3905680,24411,0.00014864327470620955
5.09762,3907280,24421,0.00014859234331207963
5.09947,3908880,24431,0.00014861006200256668
5.10133,3910480,24441,0.00014859067802213376
5.10316,3912080,24451,0.00014855729345134017
5.1053,3913680,24461,0.0001485407963315935
5.10717,3915280,24471,0.00014852063927397324
5.10906,3916880,24481,0.00014854018403640326
5.111,3918480,24491,0.00014851436842454845
5.11291,3920080,24501,0.00014850276521344297
5.11512,3921680,24511,0.00014849400360332846
5.11699,3923280,24521,0.00014845394687652488
5.11891,3924880,24531,0.00014840837793143012
5.12076,3926480,24541,0.0001483915784979556
5.12294,3928080,24551,0.00014835367793698817
5.1248,3929680,24561,0.00014837296245880267
5.12666,3931280,24571,0.0001483425389405893
5.12857,3932880,24581,0.00014832743081056275
5.13075,3934480,24591,0.0001483172337657622
5.13263,3936080,24601,0.00014828076901682828
5.13452,3937680,24611,0.0001482901959602937
5.13635,3939280,24621,0.00014825762448384544
5.13847,3940880,24631,0.0001482369820400998
5.14035,3942480,24641,0.0001482294237290082
5.1422,3944080,24651,0.00014821987708470673
5.14446,3945680,24661,0.00014820203149979588
5.14667,3947280,24671,0.00014819783937090186
5.14856,3948880,24681,0.0001481651781670458
5.15046,3950480,24691,0.00014815923363282156
5.1523,3952080,24701,0.00014814144051724515
5.15446,3953680,24711,0.00014809727163525403
5.15631,3955280,24721,0.00014811067327369538
5.15817,3956880,24731,0.00014807846537737666
5.16009,3958480,24741,0.00014805143508297633
5.16227,3960080,24751,0.00014803572516720702
5.16417,3961680,24761,0.0001480112072603599
5.16604,3963280,24771,0.00014800358188973677
5.16795,3964880,24781,0.00014798507682670277
5.17009,3966480,24791,0.0001479403353682341
5.17195,3968080,24801,0.00014792002676796735
5.17378,3969680,24811,0.0001478515206865174
5.17562,3971280,24821,0.00014787018199614171
5.17777,3972880,24831,0.0001478456843825287
5.17968,3974480,24841,0.00014778371744367247
5.18158,3976080,24851,0.0001477574422017701
5.1835,3977680,24861,0.0001477176353130369
5.18566,3979280,24871,0.00014769158768931402
5.1875,3980880,24881,0.00014768162716863147
5.18935,3982480,24891,0.00014762088980843635
5.19122,3984080,24901,0.00014761598670793782
5.19332,3985680,24911,0.00014760286845822215
5.19518,3987280,24921,0.00014753631184532927
5.19704,3988880,24931,0.00014752660319737598
5.1989,3990480,24941,0.00014749035785325756
5.20107,3992080,24951,0.00014747311339168533
5.20293,3993680,24961,0.00014746760166632102
5.2048,3995280,24971,0.00014740193828483017
5.20665,3996880,24981,0.00014737177540389938
5.20878,3998480,24991,0.00014735245176322395
5.21064,4000080,25001,0.00014730543719551278
5.21249,4001680,25011,0.00014727836717254826
5.21437,4003280,25021,0.00014722999797720654
5.21651,4004880,25031,0.00014718864051406141
5.21838,4006480,25041,0.00014716728317071617
5.22023,4008080,25051,0.0001470871859081211
5.22207,4009680,25061,0.00014709412711903964
5.22418,4011280,25071,0.0001470538363776315
5.22599,4012880,25081,0.0001470404139495285
5.22791,4014480,25091,0.0001470495729381082
5.22979,4016080,25101,0.00014700912581381252
5.23194,4017680,25111,0.00014700879621382112
5.2338,4019280,25121,0.00014703673684057783
5.23564,4020880,25131,0.00014698386850921924
5.23752,4022480,25141,0.00014696814388284393
5.23967,4024080,25151,0.00014696733011417516
5.24151,4025680,25161,0.00014695524393661986
5.24334,4027280,25171,0.00014695868808784276
5.24522,4028880,25181,0.00014690543211620666
5.24743,4030480,25191,0.0001468874760003902
5.24932,4032080,25201,0.0001468983690144747
5.25116,4033680,25211,0.00014686227067320715
5.253,4035280,25221,0.00014685262239841866
5.25515,4036880,25231,0.00014683319514065957
5.25698,4038480,25241,0.0001468126454868702
5.25882,4040080,25251,0.00014683312285142247
5.26065,4041680,25261,0.00014679338908054305
5.26281,4043280,25271,0.00014678774383153695
5.26465,4044880,25281,0.0001467890262593259
5.26648,4046480,25291,0.00014677319325352885
5.26831,4048080,25301,0.00014676060519535836
5.2705,4049680,25311,0.00014673394440784145
5.27233,4051280,25321,0.00014669545522899043
5.27415,4052880,25331,0.00014671635262538014
5.27598,4054480,25341,0.00014667670686176366
5.27815,4056080,25351,0.00014666406025041177
5.28005,4057680,25361,0.0001466696393549686
5.28193,4059280,25371,0.00014662506355341692
5.28383,4060880,25381,0.00014662918209728572
5.28597,4062480,25391,0.00014660895203895234
5.28781,4064080,25401,0.00014655574934864003
5.28964,4065680,25411,0.0001465581096123294
5.29146,4067280,25421,0.00014653152708182272
5.29354,4068880,25431,0.00014649024743367857
5.2954,4070480,25441,0.00014648959961063683
5.29727,4072080,25451,0.0001464503991959673
5.29911,4073680,25461,0.0001464324869165888
5.30096,4075280,25471,0.0001463992169797989
5.30306,4076880,25481,0.00014636308621394402
5.30491,4078480,25491,0.00014635775634423698
5.30674,4080080,25501,0.00014633865799167436
5.30858,4081680,25511,0.00014630711467223355
5.31073,4083280,25521,0.00014628576361041916
5.31257,4084880,25531,0.00014620656619845733
5.31444,4086480,25541,0.000146208065903786
5.31635,4088080,25551,0.00014618354782195905
5.31851,4089680,25561,0.00014611982364935543
5.32036,4091280,25571,0.0001460976374000906
5.3222,4092880,25581,0.00014604755082290623
5.32403,4094480,25591,0.0001460235226179371
5.3261,4096080,25601,0.00014599785713318054
5.32792,4097680,25611,0.0001459423574282307
5.32977,4099280,25621,0.0001459088197965728
5.33163,4100880,25631,0.0001459017326999705
5.33376,4102480,25641,0.00014584513817614622
5.3356,4104080,25651,0.00014581524343641392
5.33747,4105680,25661,0.00014576324718730202
5.33931,4107280,25671,0.000145748179588635
5.34138,4108880,25681,0.00014573540600442032
5.34319,4110480,25691,0.00014566719329542517
5.34508,4112080,25701,0.0001456205754325566
5.34697,4113680,25711,0.00014559922759983975
5.34914,4115280,25721,0.00014557008210985822
5.35097,4116880,25731,0.00014552325563662108
5.35279,4118480,25741,0.00014547266400595504
5.35463,4120080,25751,0.00014543977298167414
5.35673,4121680,25761,0.00014543222470176503
5.35856,4123280,25771,0.00014537077351942963
5.3604,4124880,25781,0.00014531390227390077
5.36225,4126480,25791,0.0001452887113357476
5.36432,4128080,25801,0.00014525616485307896
5.36614,4129680,25811,0.00014521463504741684
5.36797,4131280,25821,0.0001451691439939267
5.36985,4132880,25831,0.00014510998319862238
5.37195,4134480,25841,0.00014511042005737988
5.37374,4136080,25851,0.00014505303358060273
5.37553,4137680,25861,0.00014496619637535506
5.37738,4139280,25871,0.0001449345751968461
5.37944,4140880,25881,0.0001448615514584653
5.38122,4142480,25891,0.00014483338994400116
5.38297,4144080,25901,0.00014479255066199292
5.38475,4145680,25911,0.0001447372889630174
5.38675,4147280,25921,0.0001446934458915073
5.3885,4148880,25931,0.0001446675299246955
5.39027,4150480,25941,0.00014463524421329775
5.39204,4152080,25951,0.00014464456973312112
5.39409,4153680,25961,0.0001446008656077781
5.39586,4155280,25971,0.00014458063133087305
5.39766,4156880,25981,0.00014455971204445361
5.39947,4158480,25991,0.00014451914969604122
5.40147,4160080,26001,0.00014451607631343552
5.40325,4161680,26011,0.0001444801758820856
5.40503,4163280,26021,0.0001444595462380821
5.40684,4164880,26031,0.00014444936568924586
5.40886,4166480,26041,0.00014439750862517767
5.41065,4168080,26051,0.0001443784452977541
5.41243,4169680,26061,0.00014437970446695876
5.41422,4171280,26071,0.00014430448069678234
5.41627,4172880,26081,0.0001442938276025891
5.41804,4174480,26091,0.00014425862670967501
5.4198,4176080,26101,0.00014423053891685772
5.4216,4177680,26111,0.0001442124261601986
5.42362,4179280,26121,0.00014415132359998223
5.42544,4180880,26131,0.00014411958722853994
5.42726,4182480,26141,0.00014411356764611714
5.42905,4184080,26151,0.0001440535563043844
5.43109,4185680,26161,0.00014403382740444531
5.43286,4187280,26171,0.00014401443694968784
5.43462,4188880,26181,0.00014397295186313955
5.43641,4190480,26191,0.0001439497382736115
5.43844,4192080,26201,0.0001439026714013924
5.4402,4193680,26211,0.00014386104312381388
5.44195,4195280,26221,0.000143855111354875
5.44374,4196880,26231,0.00014381692767224084
5.44574,4198480,26241,0.00014376105328056145
5.4475,4200080,26251,0.00014373347256704978
5.44926,4201680,26261,0.0001436989294014094
5.45104,4203280,26271,0.00014368830392770364
5.45306,4204880,26281,0.00014363952717132838
5.45483,4206480,26291,0.00014358708479238896
5.45663,4208080,26301,0.00014356802385730692
5.45845,4209680,26311,0.00014356409239776532
5.4605,4211280,26321,0.00014353686355734162
5.46229,4212880,26331,0.00014352394411377284
5.46406,4214480,26341,0.00014346864627466302
5.46597,4216080,26351,0.00014346511967429885
5.46813,4217680,26361,0.0001434486090088581
5.4699,4219280,26371,0.00014340475948031693
5.47167,4220880,26381,0.0001433884694551947
5.47344,4222480,26391,0.00014337017379186315
5.47543,4224080,26401,0.0001433297110088206
5.47718,4225680,26411,0.0001433162246934072
5.47894,4227280,26421,0.00014325402007539512
5.48071,4228880,26431,0.00014321004098032108
5.48251,4230480,26441,0.00014322067061942924
5.48455,4232080,26451,0.00014317584758313448
5.48636,4233680,26461,0.00014313888716668485
5.48817,4235280,26471,0.00014309905985487176
5.48995,4236880,26481,0.00014307797368103524
5.49194,4238480,26491,0.00014306248791098007
5.4937,4240080,26501,0.0001430146368680378
5.49547,4241680,26511,0.00014297036661809447
5.49726,4243280,26521,0.00014297145132720693
5.4993,4244880,26531,0.00014291839889884334
5.50107,4246480,26541,0.00014288178350544203
5.50282,4248080,26551,0.000142860451816839
5.5046,4249680,26561,0.00014280496478532093
5.50659,4251280,26571,0.00014279331500731407
5.50836,4252880,26581,0.00014275168366901722
5.51012,4254480,26591,0.0001426977765441751
5.51189,4256080,26601,0.00014268517401512526
5.51391,4257680,26611,0.00014265569186900154
5.51572,4259280,26621,0.000142603001735922
5.51749,4260880,26631,0.0001425855483608799
5.51928,4262480,26641,0.00014252287165842856
5.52127,4264080,26651,0.0001424782658469726
5.52306,4265680,26661,0.0001424462333144503
5.52483,4267280,26671,0.00014238408222776687
5.52662,4268880,26681,0.00014234906669333657
5.52864,4270480,26691,0.0001423187980984994
5.53041,4272080,26701,0.0001422708434166125
5.53217,4273680,26711,0.00014222168968858542
5.53395,4275280,26721,0.0001421460235499477
5.53595,4276880,26731,0.00014211227373858888
5.53772,4278480,26741,0.00014209534507995253
5.5395,4280080,26751,0.0001420195915349219
5.54126,4281680,26761,0.00014198190165572167
5.5433,4283280,26771,0.0001419549119028203
5.5451,4284880,26781,0.000141918413000805
5.54692,4286480,26791,0.0001418622964186808
5.5487,4288080,26801,0.0001417925935434678
5.5507,4289680,26811,0.0001417556689057662
5.55247,4291280,26821,0.0001417374253562479
5.55424,4292880,26831,0.00014167624508721471
5.556,4294480,26841,0.00014161730055508616
5.55801,4296080,26851,0.00014158745337298183
5.55975,4297680,26861,0.00014151610659442378
5.5615,4299280,26871,0.00014149765908493504
5.5633,4300880,26881,0.00014143418927764148
5.56531,4302480,26891,0.00014136397858978758
5.56706,4304080,26901,0.0001413252294015701
5.56882,4305680,26911,0.00014127596750327168
5.57061,4307280,26921,0.00014120200520986552
5.57263,4308880,26931,0.0001411494970882561
5.57443,4310480,26941,0.0001410708035942971
5.5762,4312080,26951,0.00014103248388286707
5.57798,4313680,26961,0.00014098901929613349
5.57999,4315280,26971,0.00014091407821554928
5.58176,4316880,26981,0.0001408674715002653
5.5835,4318480,26991,0.00014081959326010113
5.58528,4320080,27001,0.00014076532912895082
5.58729,4321680,27011,0.0001407185271706593
5.58905,4323280,27021,0.0001406524973170918
5.59079,4324880,27031,0.00014058576142934355
5.59256,4326480,27041,0.00014055075088094914
5.59457,4328080,27051,0.00014045601890314528
5.59632,4329680,27061,0.00014039370995485093
5.59805,4331280,27071,0.00014035874810570774
5.59982,4332880,27081,0.00014030246000176945
5.60191,4334480,27091,0.00014023468626950253
5.60372,4336080,27101,0.00014015114676808882
5.6055,4337680,27111,0.0001400839090215638
5.60736,4339280,27121,0.0001400761261889389
5.60948,4340880,27131,0.00014000239582439428
5.61133,4342480,27141,0.00013994002623555178
5.61321,4344080,27151,0.00013991776861701014
5.61506,4345680,27161,0.00013985266265641345
5.6172,4347280,27171,0.00013982225951831087
5.61902,4348880,27181,0.00013979796376938775
5.62084,4350480,27191,0.0001397312570164625
5.62266,4352080,27201,0.00013972700541075786
5.62478,4353680,27211,0.00013970657938750658
5.62659,4355280,27221,0.00013962919094560357
5.62849,4356880,27231,0.000139607431555425
5.63035,4358480,27241,0.0001395540963975081
5.6325,4360080,27251,0.00013953544986995692
5.63434,4361680,27261,0.00013951932025863152
5.63616,4363280,27271,0.00013947334260411802
5.63796,4364880,27281,0.00013943035288917043
5.64001,4366480,27291,0.00013940465373782525
5.6418,4368080,27301,0.00013935259020125476
5.64361,4369680,27311,0.00013930210762309013
5.64542,4371280,27321,0.00013927577212700243
5.64747,4372880,27331,0.0001392408271783923
5.64926,4374480,27341,0.00013922381074496677
5.65105,4376080,27351,0.0001391663008480648
5.65283,4377680,27361,0.00013912781521573624
5.65485,4379280,27371,0.00013909558352457815
5.65664,4380880,27381,0.00013906467085282245
5.65848,4382480,27391,0.00013902887275507939
5.66033,4384080,27401,0.00013898890877440256
5.66244,4385680,27411,0.00013894184946564025
5.66426,4387280,27421,0.00013892503105004082
5.66604,4388880,27431,0.0001388870534059141
5.6678,4390480,27441,0.00013882295451605325
5.66957,4392080,27451,0.00013881990231444895
5.67161,4393680,27461,0.0001387983550336109
5.67341,4395280,27471,0.00013878199293947818
5.67521,4396880,27481,0.00013874927536463265
5.677,4398480,27491,0.00013869555155515342
5.67905,4400080,27501,0.00013866477652777973
5.68083,4401680,27511,0.00013867781426622414
5.68262,4403280,27521,0.00013862101577415825
5.6844,4404880,27531,0.00013857927081588686
5.68639,4406480,27541,0.00013855456414092922
5.68819,4408080,27551,0.00013854893774284567
5.68998,4409680,27561,0.00013857315061259132
5.69184,4411280,27571,0.00013854467249616378
5.6939,4412880,27581,0.00013851455141403873
5.69572,4414480,27591,0.00013853387086992276
5.69751,4416080,27601,0.0001385227114750684
5.6993,4417680,27611,0.00013848541002863153
5.70135,4419280,27621,0.00013848117413934463
5.70316,4420880,27631,0.00013846886198982597
5.70497,4422480,27641,0.00013848190595679329
5.70677,4424080,27651,0.00013847118369239055
5.70879,4425680,27661,0.00013843018878610149
5.71057,4427280,27671,0.0001384159437841561
5.71239,4428880,27681,0.00013840247097877088
5.7142,4430480,27691,0.00013837716298405363
5.71622,4432080,27701,0.0001383648183874986
5.71803,4433680,27711,0.00013834231247378433
5.71984,4435280,27721,0.00013833555447878738
5.72165,4436880,27731,0.00013835050183345216
5.72373,4438480,27741,0.00013828904329998837
5.72553,4440080,27751,0.0001382805797217699
5.72734,4441680,27761,0.00013828598295919335
5.72919,4443280,27771,0.0001382718631824202
5.73125,4444880,27781,0.00013825995304045553
5.73304,4446480,27791,0.00013822612272804298
5.73481,4448080,27801,0.0001381939246423436
5.73679,4449680,27811,0.00013819102625814254
5.73886,4451280,27821,0.0001381757083138927
5.74064,4452880,27831,0.00013814262589649344
5.74243,4454480,27841,0.00013815025652473903
5.74425,4456080,27851,0.00013813564012340844
5.74629,4457680,27861,0.00013812964966875528
5.74812,4459280,27871,0.00013812746451962767
5.74995,4460880,27881,0.0001381033420379818
5.75178,4462480,27891,0.00013809513605120977
5.75389,4464080,27901,0.0001381024639068168
5.75568,4465680,27911,0.00013810187765452876
5.75746,4467280,27921,0.00013809009328545792
5.75925,4468880,27931,0.00013808423668949278
5.76133,4470480,27941,0.0001380759984282772
5.76313,4472080,27951,0.0001380834429168601
5.76491,4473680,27961,0.00013805327605912084
5.76673,4475280,27971,0.0001380313313191963
5.76875,4476880,27981,0.00013805031960414937
5.77055,4478480,27991,0.00013803290058647145
5.77235,4480080,28001,0.0001380174448994114
5.77414,4481680,28011,0.00013800848638738372
5.77624,4483280,28021,0.00013798557402640126
5.7781,4484880,28031,0.00013800332674172508
5.77996,4486480,28041,0.0001379721722317949
5.78181,4488080,28051,0.00013795255965530669
5.78392,4489680,28061,0.00013794960031766543
5.78572,4491280,28071,0.00013792300719594683
5.78751,4492880,28081,0.00013791016112253522
5.78932,4494480,28091,0.00013790743529601933
5.79143,4496080,28101,0.00013788237272657072
5.79327,4497680,28111,0.00013788037906877632
5.79508,4499280,28121,0.00013788851000546068
5.79691,4500880,28131,0.00013783114168419187
5.79897,4502480,28141,0.00013781255065384475
5.80077,4504080,28151,0.0001378067556568989
5.80255,4505680,28161,0.00013779081973718313
5.80432,4507280,28171,0.00013778465963466824
5.80638,4508880,28181,0.0001377595200896531
5.80821,4510480,28191,0.00013772620137991742
5.81003,4512080,28201,0.000137734407756036
5.81188,4513680,28211,0.00013769506585355716
5.81393,4515280,28221,0.0001376777543245413
5.81572,4516880,28231,0.00013769163122202485
5.8175,4518480,28241,0.00013766061386774782
5.81928,4520080,28251,0.00013765265516080954
5.82135,4521680,28261,0.00013763573549174964
5.82312,4523280,28271,0.00013762288551868833
5.82489,4524880,28281,0.00013762780475692384
5.82667,4526480,28291,0.00013762554951794737
5.82875,4528080,28301,0.00013760055397178152
5.83053,4529680,28311,0.00013761412122076898
5.83232,4531280,28321,0.0001376000377590874
5.83408,4532880,28331,0.00013758934667925868
5.83614,4534480,28341,0.00013759013678390532
5.8379,4536080,28351,0.0001375505152653774
5.83968,4537680,28361,0.00013754580700154652
5.84147,4539280,28371,0.00013755236559808565
5.84347,4540880,28381,0.000137515948449074
5.84523,4542480,28391,0.0001375023022251818
5.84701,4544080,28401,0.00013750830231076122
5.84877,4545680,28411,0.0001374919371280349
5.85055,4547280,28421,0.00013750661733670164
5.85255,4548880,28431,0.0001374729632239429
5.85432,4550480,28441,0.0001374479489080361
5.85611,4552080,28451,0.0001374541744989851
5.8579,4553680,28461,0.00013743445094551061
5.85991,4555280,28471,0.0001374171988771239
5.86173,4556880,28481,0.00013740955645052608
5.86356,4558480,28491,0.00013736770584510394
5.86535,4560080,28501,0.00013737681224893286
5.86739,4561680,28511,0.00013737013598867122
5.86917,4563280,28521,0.00013733630466553244
5.87096,4564880,28531,0.00013733890122810677
5.87276,4566480,28541,0.0001373266254655319
5.87478,4568080,28551,0.00013732001927983968
5.87656,4569680,28561,0.00013732450149378343
5.8784,4571280,28571,0.0001372946517767884
5.88024,4572880,28581,0.00013729431462899087
5.88233,4574480,28591,0.00013731333341210003
5.88417,4576080,28601,0.0001372783747574189
5.88593,4577680,28611,0.00013727549940429143
5.88774,4579280,28621,0.00013728099829892447
5.88983,4580880,28631,0.00013726082609459914
5.89164,4582480,28641,0.00013725024459399111
5.89343,4584080,28651,0.00013723090040694552
5.89527,4585680,28661,0.00013721670267465708
5.89732,4587280,28671,0.00013721389487540703
5.89912,4588880,28681,0.00013720952469487707
5.90086,4590480,28691,0.0001371724853305601
5.90264,4592080,28701,0.00013717457438972187
5.90469,4593680,28711,0.0001371532488183176
5.90648,4595280,28721,0.00013714405551664734
5.90824,4596880,28731,0.00013714367566994116
5.91004,4598480,28741,0.00013711698379361738
5.91205,4600080,28751,0.00013710194006863463
5.91382,4601680,28761,0.00013709397423854013
5.91558,4603280,28771,0.00013706004154952212
5.91735,4604880,28781,0.0001370517370402509
5.91936,4606480,28791,0.00013703279001341107
5.92115,4608080,28801,0.00013702722207684093
5.92293,4609680,28811,0.00013702970452276336
5.92469,4611280,28821,0.00013698712376627488
5.92668,4612880,28831,0.00013697325116561986
5.92848,4614480,28841,0.0001369813994635989
5.93023,4616080,28851,0.00013695208024825517
5.932,4617680,28861,0.00013692636435921716
5.93401,4619280,28871,0.00013691662548138625
5.93575,4620880,28881,0.00013688511822301797
5.93751,4622480,28891,0.00013688050930202832
5.93928,4624080,28901,0.00013688046306273814
5.94127,4625680,28911,0.0001368532538314135
5.94303,4627280,28921,0.00013684359854500804
5.94479,4628880,28931,0.00013682996339142196
5.94657,4630480,28941,0.0001368219285675827
5.94861,4632080,28951,0.00013682993694550706
5.95036,4633680,28961,0.0001368032879664246
5.9521,4635280,28971,0.00013679906217241126
5.95385,4636880,28981,0.00013682068672784403
5.95585,4638480,28991,0.0001367977405322008
5.9576,4640080,29001,0.0001367878727110399
5.95935,4641680,29011,0.0001367852393830242
5.96113,4643280,29021,0.00013676478525430358
5.96316,4644880,29031,0.0001367820653350154
5.96492,4646480,29041,0.00013675633554019982
5.96667,4648080,29051,0.000136712471944158
5.96845,4649680,29061,0.00013670489823910774
5.97042,4651280,29071,0.0001366902651702452
5.97217,4652880,29081,0.00013665746968644088
5.97394,4654480,29091,0.00013664207414361765
5.97571,4656080,29101,0.00013662112366651276
5.97774,4657680,29111,0.00013660605359944525
5.97951,4659280,29121,0.0001366040447262091
5.9813,4660880,29131,0.0001365829153450026
5.98305,4662480,29141,0.0001365593470189566
5.98505,4664080,29151,0.0001365532551275122
5.98681,4665680,29161,0.0001365252004039523
5.98856,4667280,29171,0.00013651885375131657
5.99031,4668880,29181,0.00013649791820527502
5.99233,4670480,29191,0.00013647474784830686
5.9941,4672080,29201,0.00013647405397418724
5.99591,4673680,29211,0.0001364391473202345
5.9977,4675280,29221,0.0001364217470345517
5.99973,4676880,29231,0.00013642490776631828
6.00149,4678480,29241,0.00013640727087597775
6.00325,4680080,29251,0.00013638651964589799
6.00502,4681680,29261,0.00013636234108170553
6.00708,4683280,29271,0.00013632597687581252
6.00887,4684880,29281,0.000136325081665261
6.01068,4686480,29291,0.00013631525498394165
6.01248,4688080,29301,0.00013628013584261398
6.01451,4689680,29311,0.00013626370826744574
6.01629,4691280,29321,0.00013624589226829062
6.01805,4692880,29331,0.0001362617677875197
6.01981,4694480,29341,0.00013627502887725122
6.02184,4696080,29351,0.000136251820373268
6.02362,4697680,29361,0.00013627479154853378
6.02539,4699280,29371,0.00013630989527508783
6.02717,4700880,29381,0.0001363132713784708
6.02926,4702480,29391,0.00013633309172564854
6.0311,4704080,29401,0.000136321670968843
6.03287,4705680,29411,0.00013631717044009645
6.03463,4707280,29421,0.00013634808305885981
6.03639,4708880,29431,0.00013636137218854538
6.03845,4710480,29441,0.00013635278994250308
6.0403,4712080,29451,0.00013638134502742295
6.04213,4713680,29461,0.00013638992261913625
6.04396,4715280,29471,0.00013639177566079214
6.04604,4716880,29481,0.0001364133682143151
6.04783,4718480,29491,0.00013639733481712532
6.04964,4720080,29501,0.00013641857885210613
6.05144,4721680,29511,0.00013644589573914845
6.05347,4723280,29521,0.00013640938994935806
6.05529,4724880,29531,0.00013642670453317685
6.05708,4726480,29541,0.00013646260160487048
6.05889,4728080,29551,0.0001364488754898082
6.0609,4729680,29561,0.00013646329701681378
6.0627,4731280,29571,0.00013646148190592407
6.06448,4732880,29581,0.0001364549889144931
6.06626,4734480,29591,0.00013648376614310703
6.06827,4736080,29601,0.00013648083420015646
6.07004,4737680,29611,0.00013646755384599286
6.07181,4739280,29621,0.00013651364362528805
6.07359,4740880,29631,0.00013650426810068138
6.07561,4742480,29641,0.00013652178706630158
6.07738,4744080,29651,0.000136525189227377
6.07917,4745680,29661,0.0001365045949840455
6.08096,4747280,29671,0.00013652147571726649
6.083,4748880,29681,0.0001365292918460992
6.08479,4750480,29691,0.0001365222445830292
6.08656,4752080,29701,0.00013654834155140544
6.08833,4753680,29711,0.0001365358036038867
6.09038,4755280,29721,0.0001365305297639889
6.09214,4756880,29731,0.00013654978154952098
6.09393,4758480,29741,0.00013652167329984873
6.09574,4760080,29751,0.0001365398805973552
6.09778,4761680,29761,0.00013656816357095376
6.09955,4763280,29771,0.00013656702980213709
6.10134,4764880,29781,0.0001365555252650346
6.1031,4766480,29791,0.0001365513504589643
6.10516,4768080,29801,0.00013653403950711178
6.10693,4769680,29811,0.00013654646509910287
6.10876,4771280,29821,0.00013654265737772682
6.11061,4772880,29831,0.00013653686104018493
6.11279,4774480,29841,0.00013654869549598048
6.11466,4776080,29851,0.00013654213312000452
6.11652,4777680,29861,0.0001365451625317659
6.11838,4779280,29871,0.00013654746414319338
6.12052,4780880,29881,0.00013652456386702323
6.12234,4782480,29891,0.00013651870259555332
6.12417,4784080,29901,0.00013654165054879062
6.126,4785680,29911,0.0001365226366434047
6.12813,4787280,29921,0.00013650626601121978
6.12996,4788880,29931,0.00013650403181480336
6.13179,4790480,29941,0.0001364985779964429
6.13359,4792080,29951,0.00013652123257305165
6.13568,4793680,29961,0.00013649909407836662
6.13752,4795280,29971,0.0001364803866220378
6.13932,4796880,29981,0.00013649550865189528
6.14114,4798480,29991,0.0001364830206577114
6.14319,4800080,30001,0.0001364825231338941
6.14497,4801680,30011,0.00013647827972433461
6.14676,4803280,30021,0.00013645309227069448
6.14851,4804880,30031,0.00013647343173248637
6.15058,4806480,30041,0.00013646091826755372
6.15235,4808080,30051,0.0001364495218096392
6.15414,4809680,30061,0.0001364557451307355
6.15594,4811280,30071,0.00013644260167850093
6.15798,4812880,30081,0.00013643902232230408
6.15975,4814480,30091,0.00013642442270066397
6.16154,4816080,30101,0.0001363994828301185
6.16331,4817680,30111,0.00013638689116051046
6.16533,4819280,30121,0.00013640983963359408
6.16708,4820880,30131,0.00013637266774934285
6.16884,4822480,30141,0.00013635097180303597
6.17059,4824080,30151,0.00013634685944663265
6.17262,4825680,30161,0.00013634769139417996
6.17439,4827280,30171,0.00013634457552950084
6.17617,4828880,30181,0.00013632713220022505
6.17796,4830480,30191,0.00013630245582204117
6.17998,4832080,30201,0.00013631955370064022
6.18174,4833680,30211,0.00013630700702141514
6.18351,4835280,30221,0.00013627362077004053
6.18526,4836880,30231,0.00013626011856556798
6.1873,4838480,30241,0.0001362439177946071
6.18906,4840080,30251,0.00013622190883730116
6.19087,4841680,30261,0.00013621188993366215
6.19265,4843280,30271,0.00013618221130447423
6.19473,4844880,30281,0.000136170744685582
6.19651,4846480,30291,0.00013616731086474147
6.19832,4848080,30301,0.0001361408785405232
6.20009,4849680,30311,0.00013612077625915937
6.20213,4851280,30321,0.00013609826263254882
6.20392,4852880,30331,0.00013608613481934026
6.2057,4854480,30341,0.0001360966725660797
6.20747,4856080,30351,0.00013605657566165968
6.20949,4857680,30361,0.0001360434629908043
6.21134,4859280,30371,0.00013605131708673522
6.21319,4860880,30381,0.0001360175927776694
6.21503,4862480,30391,0.00013599717976505755
6.21685,4864080,30401,0.00013597713015583122
6.21894,4865680,30411,0.00013592717696000144
6.22074,4867280,30421,0.00013592108574092543
6.22252,4868880,30431,0.00013590583759477866
6.22433,4870480,30441,0.00013586983178326753
6.22639,4872080,30451,0.0001358894432253073
6.22821,4873680,30461,0.0001358662565701923
6.23001,4875280,30471,0.00013587447545211281
6.2318,4876880,30481,0.00013587265794678775
6.23385,4878480,30491,0.00013583480948714012
6.23564,4880080,30501,0.00013582803808250173
6.23742,4881680,30511,0.00013585460542283115
6.23919,4883280,30521,0.00013582837211671174
6.24124,4884880,30531,0.00013581577607219876
6.24301,4886480,30541,0.00013580032142346266
6.2448,4888080,30551,0.00013577795791492805
6.24663,4889680,30561,0.00013578691435404446
6.24866,4891280,30571,0.00013575718064149332
6.25044,4892880,30581,0.00013573549410428667
6.2522,4894480,30591,0.00013574415323614093
6.25396,4896080,30601,0.00013573199747281446
6.25601,4897680,30611,0.00013571756717491688
6.25779,4899280,30621,0.00013570356942837342
6.25956,4900880,30631,0.00013566096615793936
6.26141,4902480,30641,0.0001356803026543868
6.26348,4904080,30651,0.00013566734496432177
6.26525,4905680,30661,0.0001356275923437983
6.26703,4907280,30671,0.00013561911716661844
6.26881,4908880,30681,0.00013560348894517057
6.27092,4910480,30691,0.00013557625616774857
6.27272,4912080,30701,0.00013555373920666816
6.27451,4913680,30711,0.00013552468659325592
6.27629,4915280,30721,0.0001355237429493377
6.27834,4916880,30731,0.0001355260780990051
6.28015,4918480,30741,0.00013549461999167248
6.28195,4920080,30751,0.00013547182088547577
6.28378,4921680,30761,0.00013546277130785551
6.28583,4923280,30771,0.00013544014290237105
6.28763,4924880,30781,0.0001354488905342295
6.28942,4926480,30791,0.0001354182399989877
6.29122,4928080,30801,0.00013537973777506818
6.29323,4929680,30811,0.0001353839600839752
6.295,4931280,30821,0.00013536943754793342
6.29677,4932880,30831,0.0001353349529634642
6.29855,4934480,30841,0.00013533051300464866
6.30061,4936080,30851,0.00013529350521962816
6.30238,4937680,30861,0.0001352917763989426
6.30415,4939280,30871,0.00013528402667549629
6.30593,4940880,30881,0.0001352346720639077
6.30797,4942480,30891,0.0001352373972190648
6.30976,4944080,30901,0.00013521277665092327
6.31161,4945680,30911,0.0001352009643944864
6.31342,4947280,30921,0.00013520268222924278
6.31553,4948880,30931,0.00013516274538295618
6.31734,4950480,30941,0.00013514459775750172
6.31918,4952080,30951,0.0001351486163745242
6.32097,4953680,30961,0.00013510656907833943
6.32304,4955280,30971,0.00013509038888611345
6.32482,4956880,30981,0.0001350704683232562
6.32663,4958480,30991,0.00013505587965226794
6.32848,4960080,31001,0.00013504023732425867
6.33054,4961680,31011,0.0001350068027777887
6.33232,4963280,31021,0.00013498407538932618
6.3341,4964880,31031,0.00013498715081647003
6.33586,4966480,31041,0.00013496148802259744
6.33793,4968080,31051,0.00013491562349090234
6.33973,4969680,31061,0.00013490018224609004
6.34152,4971280,31071,0.00013485494100066997
6.3433,4972880,31081,0.0001348533960591463
6.3454,4974480,31091,0.0001348288335959874
6.34725,4976080,31101,0.00013479089490162077
6.34903,4977680,31111,0.00013477083174670036
6.35081,4979280,31121,0.00013474560979931383
6.35288,4980880,31131,0.00013471052308572026
6.35466,4982480,31141,0.00013468409768246752
6.35646,4984080,31151,0.00013463415246170972
6.35828,4985680,31161,0.00013461957500537566
6.36038,4987280,31171,0.00013462136306230214
6.36222,4988880,31181,0.00013456946089191596
6.36401,4990480,31191,0.00013455685462112656
6.36582,4992080,31201,0.00013452848370535363
6.36795,4993680,31211,0.0001345021990690337
6.36974,4995280,31221,0.00013448512069240935
6.37153,4996880,31231,0.0001344301323104001
6.37338,4998480,31241,0.00013439299761211325
6.37542,5000080,31251,0.00013438810996281927
6.37724,5001680,31261,0.00013435172082569558
6.37904,5003280,31271,0.0001343032272552759
6.38083,5004880,31281,0.000134276967757134
6.38288,5006480,31291,0.00013425461114456236
6.38468,5008080,31301,0.00013424748855121738
6.38647,5009680,31311,0.00013421218570101
6.38825,5011280,31321,0.00013417592170516732
6.39032,5012880,31331,0.0001341562854706435
6.39212,5014480,31341,0.00013411598809319643
6.39394,5016080,31351,0.00013407608534446967
6.39575,5017680,31361,0.00013405495327063234
6.3976,5019280,31371,0.0001340157408065458
6.39967,5020880,31381,0.0001339851536852326
6.40147,5022480,31391,0.0001339631089888587
6.40327,5024080,31401,0.00013391403420051629
6.40507,5025680,31411,0.00013390242059278627
6.40716,5027280,31421,0.0001338663525451301
6.40895,5028880,31431,0.00013384680937552317
6.41077,5030480,31441,0.00013384879373179795
6.41259,5032080,31451,0.0001338271707551717
6.41463,5033680,31461,0.00013381834889859487
6.41641,5035280,31471,0.00013382352627190446
6.41818,5036880,31481,0.00013381097449787112
6.41997,5038480,31491,0.0001337915354032576
6.42205,5040080,31501,0.00013378021977921567
6.42385,5041680,31511,0.0001337528821712796
6.42564,5043280,31521,0.00013376550204666736
6.42748,5044880,31531,0.0001337395189485776
6.42956,5046480,31541,0.00013372512568649887
6.43136,5048080,31551,0.00013372782526498844
6.43316,5049680,31561,0.000133712025832124
6.43496,5051280,31571,0.00013369206303657892
6.43705,5052880,31581,0.00013369162676240415
6.43882,5054480,31591,0.00013366517690779553
6.44063,5056080,31601,0.00013366929465904662
6.44245,5057680,31611,0.0001336854203449582
6.4445,5059280,31621,0.00013366709138848062
6.4463,5060880,31631,0.00013368238133518
6.44808,5062480,31641,0.00013367520471886836
6.44986,5064080,31651,0.0001336784928432297
6.45192,5065680,31661,0.0001336892493568262
6.45369,5067280,31671,0.0001336918666071888
6.45547,5068880,31681,0.00013368376188638634
6.45729,5070480,31691,0.00013368912524411303
6.45933,5072080,31701,0.00013367803162418757
6.46114,5073680,31711,0.000133666650245938
6.46293,5075280,31721,0.00013365216829807486
6.46473,5076880,31731,0.00013364629181310782
6.46676,5078480,31741,0.00013366327267320434
6.46853,5080080,31751,0.00013363588599746463
6.47032,5081680,31761,0.00013363633517941322
6.4721,5083280,31771,0.00013363250273342245
6.47418,5084880,31781,0.00013361488153563333
6.47597,5086480,31791,0.00013361608831531646
6.47779,5088080,31801,0.00013360853262160167
6.4796,5089680,31811,0.00013359819054017952
6.48165,5091280,31821,0.00013360231885376113
6.48342,5092880,31831,0.00013359508957549657
6.48522,5094480,31841,0.0001335596416463681
6.48699,5096080,31851,0.00013357072683101504
6.48905,5097680,31861,0.00013355265204510573
6.49082,5099280,31871,0.00013356203298967202
6.49261,5100880,31881,0.00013355580192623423
6.49442,5102480,31891,0.0001335282536318056
6.49648,5104080,31901,0.00013353000823141357
6.49824,5105680,31911,0.00013351215119526867
6.50003,5107280,31921,0.0001335036779222809
6.5018,5108880,31931,0.00013349722018554493
6.50389,5110480,31941,0.00013346159931232164
6.50569,5112080,31951,0.00013348401207231159
6.50749,5113680,31961,0.00013347861195404757
6.50928,5115280,31971,0.00013343213451048018
6.51133,5116880,31981,0.0001334104501060033
6.51311,5118480,31991,0.00013339695702243963
6.51488,5120080,32001,0.00013339501284911036
6.51664,5121680,32011,0.00013338875730514732
6.51872,5123280,32021,0.00013334206128401936
6.52051,5124880,32031,0.0001333421401420922
6.52232,5126480,32041,0.00013332711210994018
6.52414,5128080,32051,0.00013331309033816872
6.52619,5129680,32061,0.0001332968520375722
6.52797,5131280,32071,0.00013327288391866247
6.52976,5132880,32081,0.00013324925488119102
6.53153,5134480,32091,0.00013325927118948942
6.53361,5136080,32101,0.0001332265894101181
6.53537,5137680,32111,0.0001332026849510306
6.53717,5139280,32121,0.00013318545023336542
6.53894,5140880,32131,0.00013315693812523607
6.54098,5142480,32141,0.00013314839125622667
6.54275,5144080,32151,0.0001331134883533168
6.54456,5145680,32161,0.0001330664006490203
6.54636,5147280,32171,0.00013305637314281991
6.5484,5148880,32181,0.00013303776924815033
6.55018,5150480,32191,0.0001329997070945929
6.55196,5152080,32201,0.00013298800872215376
6.55372,5153680,32211,0.0001329520932136126
6.55573,5155280,32221,0.0001329320319326064
6.55751,5156880,32231,0.00013290784911941002
6.55929,5158480,32241,0.00013287812403254065
6.5611,5160080,32251,0.00013286377682373944
6.56318,5161680,32261,0.00013284287093209488
6.56495,5163280,32271,0.00013281529415318238
6.56673,5164880,32281,0.0001327990261143306
6.56851,5166480,32291,0.0001327462457408994
6.57058,5168080,32301,0.00013273255683390363
6.57241,5169680,32311,0.00013272092206055922
6.5742,5171280,32321,0.00013265931661495325
6.576,5172880,32331,0.00013263486237677716
6.57813,5174480,32341,0.00013260189684264137
6.57996,5176080,32351,0.00013257631460245924
6.58172,5177680,32361,0.00013256915841262755
6.58349,5179280,32371,0.00013251884924259626
6.58531,5180880,32381,0.00013248725858315893
6.58734,5182480,32391,0.00013246992825056633
6.58913,5184080,32401,0.00013243822639650432
6.59099,5185680,32411,0.0001324084689725783
6.59286,5187280,32421,0.0001323543366396479
6.59497,5188880,32431,0.0001323300243439851
6.59683,5190480,32441,0.00013232138499552626
6.59865,5192080,32451,0.00013228300483019567
6.60047,5193680,32461,0.00013223702835325063
6.60258,5195280,32471,0.0001322113809087179
6.60443,5196880,32481,0.00013217408952725593
6.60623,5198480,32491,0.0001321483919246337
6.60805,5200080,32501,0.00013209134030880108
6.61018,5201680,32511,0.0001320724225243059
6.61203,5203280,32521,0.00013208439555411483
6.61389,5204880,32531,0.00013207209191281113
6.61571,5206480,32541,0.00013205121374285436
6.61784,5208080,32551,0.00013203685072182142
6.6197,5209680,32561,0.0001320323560391242
6.62163,5211280,32571,0.0001320461324470796
6.6235,5212880,32581,0.0001320327596497535
6.62574,5214480,32591,0.00013200385213300338
6.62764,5216080,32601,0.00013203557329269193
6.62956,5217680,32611,0.00013203663865690198
6.63145,5219280,32621,0.0001320706986166556
6.63365,5220880,32631,0.00013207204286301392
6.63556,5222480,32641,0.00013207021679119066
6.63745,5224080,32651,0.00013208992714688027
6.63938,5225680,32661,0.00013209828788439404
6.64168,5227280,32671,0.000132098061375591
6.64358,5228880,32681,0.00013211290657845834
6.64549,5230480,32691,0.0001320943289735213
6.64741,5232080,32701,0.00013211789846454165
6.64963,5233680,32711,0.000132129639565038
6.65149,5235280,32721,0.00013211092652124293
6.65334,5236880,32731,0.00013213022048118653
6.65523,5238480,32741,0.00013212732867165164
6.65744,5240080,32751,0.00013215594311963806
6.6593,5241680,32761,0.0001321635729430292
6.66117,5243280,32771,0.0001321431519336145
6.66304,5244880,32781,0.0001321401438268855
6.66521,5246480,32791,0.00013214905926140288
6.66707,5248080,32801,0.00013214955993211958
6.66892,5249680,32811,0.00013216471928450234
6.67076,5251280,32821,0.0001321617067224761
6.67293,5252880,32831,0.00013215657112857285
6.67484,5254480,32841,0.00013217755366525148
6.67671,5256080,32851,0.00013215136391179702
6.67858,5257680,32861,0.00013215008275601313
6.68075,5259280,32871,0.000132148134892901
6.68263,5260880,32881,0.0001321614088938463
6.68449,5262480,32891,0.0001321665682924595
6.68632,5264080,32901,0.00013213923446212146
6.68849,5265680,32911,0.0001321532412680796
6.69034,5267280,32921,0.00013215401303580052
6.69218,5268880,32931,0.00013213639958225588
6.69402,5270480,32941,0.00013215548682761306
6.6962,5272080,32951,0.00013215215595372386
6.69807,5273680,32961,0.00013213210212128894
6.6999,5275280,32971,0.00013214925595226787
6.70171,5276880,32981,0.00013211920081456635
6.70381,5278480,32991,0.00013211703551926565
6.70564,5280080,33001,0.0001321224829359171
6.70747,5281680,33011,0.0001321176533778095
6.70928,5283280,33021,0.000132114512896242
6.71142,5284880,33031,0.00013209100585012505
6.71323,5286480,33041,0.00013207265555920458
6.71504,5288080,33051,0.0001320805573918095
6.71682,5289680,33061,0.00013206301234510408
6.71887,5291280,33071,0.00013205985868574958
6.72065,5292880,33081,0.0001320541122626362
6.72248,5294480,33091,0.0001320577260148295
6.72431,5296080,33101,0.00013207367516428897
6.72643,5297680,33111,0.00013204368616220527
6.72822,5299280,33121,0.0001320308925302372
6.73006,5300880,33131,0.00013202623767317317
6.73188,5302480,33141,0.0001320238219085692
6.73398,5304080,33151,0.00013202134392615791
6.73576,5305680,33161,0.00013200121295783157
6.73755,5307280,33171,0.0001319827836922579
6.73935,5308880,33181,0.00013198944744736117
6.74139,5310480,33191,0.00013197364834794702
6.74317,5312080,33201,0.00013195846492083246
6.74498,5313680,33211,0.00013196311371102033
6.74677,5315280,33221,0.00013193731823477918
6.74884,5316880,33231,0.0001319441687183346
6.75061,5318480,33241,0.00013191654786898384
6.75241,5320080,33251,0.00013190592239064984
6.75417,5321680,33261,0.0001318996013839474
6.75618,5323280,33271,0.00013189377635020906
6.75797,5324880,33281,0.00013188642812924506
6.75975,5326480,33291,0.0001318713697789891
6.76153,5328080,33301,0.0001318381046294531
6.76356,5329680,33311,0.00013183647403669334
6.76531,5331280,33321,0.00013181809296310305
6.76711,5332880,33331,0.00013178888151312886
6.76886,5334480,33341,0.00013178172775893393
6.77065,5336080,33351,0.00013174002261746864
6.77264,5337680,33361,0.00013173435980817945
6.77443,5339280,33371,0.00013170770716538875
6.77622,5340880,33381,0.00013169213493589849
6.77802,5342480,33391,0.00013169256991699824
6.78011,5344080,33401,0.00013165353767373954
6.7819,5345680,33411,0.0001316359668450881
6.78371,5347280,33421,0.00013160455034544848
6.7855,5348880,33431,0.00013157087289169568
6.78754,5350480,33441,0.00013156317200461315
6.78933,5352080,33451,0.00013154425827817222
6.79115,5353680,33461,0.00013152389251798978
6.79295,5355280,33471,0.0001315106578338044
6.79499,5356880,33481,0.00013147934357519292
6.79679,5358480,33491,0.00013144784949162443
6.79858,5360080,33501,0.00013141701656699777
6.80035,5361680,33511,0.00013139700756953886
6.80237,5363280,33521,0.0001313940767271888
6.80413,5364880,33531,0.00013134932016719766
6.80591,5366480,33541,0.00013133485420021782
6.80774,5368080,33551,0.0001313094089880982
6.8098,5369680,33561,0.00013126972542333235
6.81157,5371280,33571,0.0001312611485506307
6.81334,5372880,33581,0.00013124071725746124
6.81511,5374480,33591,0.00013121759258007994
6.81715,5376080,33601,0.00013119288000086257
6.81894,5377680,33611,0.00013115346893563355
6.82071,5379280,33621,0.00013113671193425852
6.82249,5380880,33631,0.00013111830150747128
6.82453,5382480,33641,0.00013110423324129254
6.82631,5384080,33651,0.00013110750320349807
6.8281,5385680,33661,0.0001310764042051979
6.82988,5387280,33671,0.00013106865753721893
6.83191,5388880,33681,0.00013104184903673863
6.83367,5390480,33691,0.00013100764016204906
6.83545,5392080,33701,0.0001309921413630965
6.83721,5393680,33711,0.00013097479406302265
6.83923,5395280,33721,0.00013095322088280993
6.84102,5396880,33731,0.00013093816485246733
6.84279,5398480,33741,0.00013089425645347423
6.84456,5400080,33751,0.00013088377294850038
6.84659,5401680,33761,0.00013086643931894786
6.84837,5403280,33771,0.00013084301279932438
6.85014,5404880,33781,0.0001308359150440086
6.8519,5406480,33791,0.00013079737111603394
6.8539,5408080,33801,0.00013078548198513888
6.85568,5409680,33811,0.00013075990298416773
6.85746,5411280,33821,0.00013074198788702238
6.85923,5412880,33831,0.0001307624716259323
6.86126,5414480,33841,0.00013076480109875006
6.86301,5416080,33851,0.00013076640407323585
6.86478,5417680,33861,0.00013075634855481272
6.8666,5419280,33871,0.00013074374565299682
6.86865,5420880,33881,0.00013076314812914686
6.87041,5422480,33891,0.0001307566700089087
6.87221,5424080,33901,0.00013074882464352532
6.87398,5425680,33911,0.00013074818633366375
6.87602,5427280,33921,0.00013074451906652448
6.87784,5428880,33931,0.0001307568925329912
6.87969,5430480,33941,0.00013074483670149316
6.88155,5432080,33951,0.00013073851148454052
6.88368,5433680,33961,0.00013075311606806916
6.88551,5435280,33971,0.00013075441656082779
6.88732,5436880,33981,0.0001307561626421854
6.88912,5438480,33991,0.00013073529098553936
6.89119,5440080,34001,0.00013071002946812502
6.893,5441680,34011,0.00013073001617614974
6.89479,5443280,34021,0.0001307243674689186
6.89659,5444880,34031,0.00013072875806303605
6.89869,5446480,34041,0.00013072596785341367
6.90049,5448080,34051,0.00013071063951023212
6.90228,5449680,34061,0.0001307228860044484
6.90407,5451280,34071,0.0001307056395414754
6.90611,5452880,34081,0.00013068084133753544
6.90791,5454480,34091,0.0001306828562959543
6.90971,5456080,34101,0.0001306666439288215
6.91154,5457680,34111,0.00013067673382222839
6.9136,5459280,34121,0.00013065350505412146
6.91539,5460880,34131,0.00013062724155596048
6.91718,5462480,34141,0.0001306304715511311
6.91896,5464080,34151,0.0001306258380824061
6.92099,5465680,34161,0.00013062233446432814
6.92277,5467280,34171,0.00013060509375188885
6.92459,5468880,34181,0.00013060771914857536
6.92638,5470480,34191,0.00013061845333208442
6.92846,5472080,34201,0.00013059479461931256
6.93028,5473680,34211,0.00013057760660813156
6.93205,5475280,34221,0.00013056460575102714
6.93383,5476880,34231,0.0001305482979535883
6.93583,5478480,34241,0.00013054991350448797
6.93761,5480080,34251,0.0001305114685672456
6.93938,5481680,34261,0.0001304976124803011
6.94117,5483280,34271,0.00013048756159069266
6.94319,5484880,34281,0.0001304940481841356
6.94497,5486480,34291,0.0001304901279746279
6.94676,5488080,34301,0.00013045924395066293
6.94853,5489680,34311,0.00013044737781976214
6.95056,5491280,34321,0.00013044631668884636
6.95234,5492880,34331,0.0001304264129306093
6.95415,5494480,34341,0.00013041209391192847
6.95592,5496080,34351,0.00013039857278173382
6.95772,5497680,34361,0.00013038187972493238
6.95977,5499280,34371,0.00013039006495966024
6.96157,5500880,34381,0.00013035373314651023
6.96337,5502480,34391,0.00013035580888584412
6.96515,5504080,34401,0.0001303228982924027
6.9672,5505680,34411,0.00013030821328983457
6.96899,5507280,34421,0.00013030892552742465
6.97077,5508880,34431,0.00013029049065443367
6.97255,5510480,34441,0.00013026323920149567
6.97457,5512080,34451,0.00013025425807254055
6.97635,5513680,34461,0.00013024314614743827
6.97817,5515280,34471,0.00013023539184279197
6.97995,5516880,34481,0.00013020855113080564
6.98203,5518480,34491,0.0001301955088045502
6.9838,5520080,34501,0.0001301699584185783
6.98558,5521680,34511,0.00013014090750617692
6.98737,5523280,34521,0.00013013939643799662
6.98938,5524880,34531,0.00013010992347402446
6.99115,5526480,34541,0.00013009128607989473
6.99293,5528080,34551,0.00013007468229891614
6.99475,5529680,34561,0.00013003332696563674
6.9968,5531280,34571,0.00013003293658567748
6.99856,5532880,34581,0.0001300007477171121
7.00034,5534480,34591,0.000129980084136996
7.00211,5536080,34601,0.00012995702256625788
7.00415,5537680,34611,0.00012992069402459512
7.00595,5539280,34621,0.00012990551998629842
7.00775,5540880,34631,0.00012988224091113956
7.00952,5542480,34641,0.00012985331976067375
7.01158,5544080,34651,0.00012983413386601257
7.01336,5545680,34661,0.00012979642785332195
7.01514,5547280,34671,0.00012978642471615266
7.0169,5548880,34681,0.00012975487857536973
7.01892,5550480,34691,0.00012973554926777597
7.02069,5552080,34701,0.00012971572525679285
7.02245,5553680,34711,0.00012968837752044132
7.02426,5555280,34721,0.00012968954007051142
7.02628,5556880,34731,0.00012965628568877008
7.02807,5558480,34741,0.00012961818094965084
7.02985,5560080,34751,0.0001296094664704952
7.03162,5561680,34761,0.00012956666028240797
7.03365,5563280,34771,0.0001295581151642463
7.03543,5564880,34781,0.000129520742591838
7.03723,5566480,34791,0.00012948991451746696
7.03902,5568080,34801,0.0001294933584267445
7.04105,5569680,34811,0.0001294495507969621
7.04281,5571280,34821,0.0001294181147481286
7.04464,5572880,34831,0.00012939386076058455
7.04645,5574480,34841,0.00012936940973161566
7.04854,5576080,34851,0.00012936129080775606
7.0503,5577680,34861,0.00012930787279034905
7.05207,5579280,34871,0.00012927530769981516
7.05386,5580880,34881,0.0001292511398297124
7.0559,5582480,34891,0.00012921439931901438
7.05768,5584080,34901,0.00012919923902043537
7.05945,5585680,34911,0.00012913706403825873
7.06126,5587280,34921,0.00012912378854705413
7.06328,5588880,34931,0.00012908333142757668
7.06505,5590480,34941,0.00012905676551036756
7.06682,5592080,34951,0.00012902907858495204
7.06857,5593680,34961,0.00012899174587256527
7.07061,5595280,34971,0.00012896414872609445
7.07237,5596880,34981,0.00012893989507213252
7.07416,5598480,34991,0.00012889976047984926
7.07592,5600080,35001,0.00012888033475418753
7.07796,5601680,35011,0.00012882437228269733
7.07974,5603280,35021,0.00012880047217496068
7.08149,5604880,35031,0.0001287686563140409
7.08328,5606480,35041,0.00012873091519836205
7.08531,5608080,35051,0.0001287072428267505
7.08709,5609680,35061,0.00012866676584662
7.08885,5611280,35071,0.00012865121695614448
7.09064,5612880,35081,0.00012860490575152678
7.09267,5614480,35091,0.00012856911980583217
7.09447,5616080,35101,0.0001285470207332013
7.09627,5617680,35111,0.0001285093385996975
7.09805,5619280,35121,0.0001284882133040094
7.10005,5620880,35131,0.00012845725693735877
7.10182,5622480,35141,0.0001284180619426714
7.10359,5624080,35151,0.00012840750074941988
7.10538,5625680,35161,0.00012836887395188505
7.10745,5627280,35171,0.00012834749963209179
7.10927,5628880,35181,0.00012832024575589775
7.11109,5630480,35191,0.00012828763092031202
7.11293,5632080,35201,0.00012827663095258887
7.11512,5633680,35211,0.00012823561419972665
7.11693,5635280,35221,0.00012820489130621615
7.11876,5636880,35231,0.00012816447172373305
7.12056,5638480,35241,0.0001281611780705929
7.12268,5640080,35251,0.00012815680356344748
7.12451,5641680,35261,0.00012810880210920202
7.12633,5643280,35271,0.00012809132620619085
7.12815,5644880,35281,0.0001280780874500561
7.1302,5646480,35291,0.0001280608732939035
7.132,5648080,35301,0.00012805296507756823
7.13381,5649680,35311,0.00012802364390641745
7.13559,5651280,35321,0.0001280053200293195
7.13738,5652880,35331,0.00012799132159884916
7.13946,5654480,35341,0.00012797334768494852
7.14126,5656080,35351,0.00012795875453363442
7.14307,5657680,35361,0.00012793074808528301
7.14491,5659280,35371,0.00012792796997918195
7.14702,5660880,35381,0.00012789910285029849
7.14885,5662480,35391,0.0001278706371703655
7.15066,5664080,35401,0.00012786583961437066
7.15248,5665680,35411,0.00012782633708106374
7.15461,5667280,35421,0.00012782392481986392
7.15647,5668880,35431,0.00012779049899063963
7.15832,5670480,35441,0.00012775850854460438
7.16016,5672080,35451,0.0001277483300719806
7.16227,5673680,35461,0.00012772598930883144
7.16408,5675280,35471,0.00012771690962845063
7.16591,5676880,35481,0.00012768394181219937
7.1677,5678480,35491,0.00012766599475978746
7.16979,5680080,35501,0.00012765615514053613
7.17161,5681680,35511,0.00012762177980874673
7.17345,5683280,35521,0.00012759518006789754
7.17528,5684880,35531,0.0001275617848990919
7.17736,5686480,35541,0.00012754300540232695
7.17917,5688080,35551,0.0001275396399107176
7.18098,5689680,35561,0.0001274755155882372
7.18276,5691280,35571,0.0001274674342993526
7.18485,5692880,35581,0.00012743427116818778
7.18662,5694480,35591,0.0001274195471110285
7.18842,5696080,35601,0.00012739347153523095
7.19024,5697680,35611,0.00012735568027839872
7.19228,5699280,35621,0.00012734559823836776
7.19408,5700880,35631,0.00012731954364677764
7.19589,5702480,35641,0.00012729849899450335
7.1977,5704080,35651,0.0001272672110573924
7.19976,5705680,35661,0.00012722563610421261
7.20154,5707280,35671,0.00012720690249997356
7.20335,5708880,35681,0.00012717941613557202
7.20514,5710480,35691,0.00012714001797824344
7.20721,5712080,35701,0.0001271138937683023
7.209,5713680,35711,0.0001270753623194825
7.21082,5715280,35721,0.00012707084185710135
7.21264,5716880,35731,0.0001270250262715225
7.21468,5718480,35741,0.00012699560432813048
7.21645,5720080,35751,0.00012696405276230345
7.21823,5721680,35761,0.0001269498660471432
7.22001,5723280,35771,0.00012694020745609123
7.22206,5724880,35781,0.00012688580973360154
7.22387,5726480,35791,0.00012685369547343547
7.22569,5728080,35801,0.00012682379319830552
7.22749,5729680,35811,0.00012680435857488626
7.22956,5731280,35821,0.00012677652187457512
7.23133,5732880,35831,0.0001267259789765659
7.23311,5734480,35841,0.00012670966154785732
7.23488,5736080,35851,0.00012667235900145138
7.23693,5737680,35861,0.0001266340797287848
7.23869,5739280,35871,0.00012660730393571074
7.24052,5740880,35881,0.00012655355016436172
7.24232,5742480,35891,0.00012653912706495594
7.24442,5744080,35901,0.00012650367192208918
7.24622,5745680,35911,0.00012645906823503458
7.24799,5747280,35921,0.00012643655921470986
7.24977,5748880,35931,0.000126384441546612
7.25185,5750480,35941,0.00012636367819807322
7.25363,5752080,35951,0.00012631599804268853
7.2554,5753680,35961,0.00012627160902060897
7.25725,5755280,35971,0.00012626009384027713
7.25931,5756880,35981,0.00012621801227863903
7.26112,5758480,35991,0.00012619901928763964
7.26293,5760080,36001,0.0001261439848970411
7.26471,5761680,36011,0.00012611503461445323
7.26676,5763280,36021,0.00012610659279167248
7.26856,5764880,36031,0.00012607404742931427
7.27038,5766480,36041,0.0001260638985739592
7.27219,5768080,36051,0.00012603598234172536
7.27425,5769680,36061,0.00012601029023496385
7.27602,5771280,36071,0.00012600334162239137
7.27781,5772880,36081,0.00012595637166557157
7.27961,5774480,36091,0.0001259448688800107
7.28169,5776080,36101,0.00012591539826872777
7.28348,5777680,36111,0.00012590318658056883
7.28527,5779280,36121,0.00012588026035444816
7.28706,5780880,36131,0.00012583909550494682
7.28911,5782480,36141,0.00012583156727096444
7.29091,5784080,36151,0.0001257989963164962
7.2927,5785680,36161,0.0001257771355454053
7.29452,5787280,36171,0.00012573855969838336
7.29658,5788880,36181,0.00012571701974939398
7.29834,5790480,36191,0.0001257087175922031
7.30012,5792080,36201,0.00012566598682235176
7.30191,5793680,36211,0.00012564636967827766
7.30398,5795280,36221,0.0001256089147142446
7.30576,5796880,36231,0.00012558509733336803
7.30755,5798480,36241,0.000125580583637791
7.30935,5800080,36251,0.00012553346451802186
7.31141,5801680,36261,0.00012551673933826335
7.31323,5803280,36271,0.00012549751631098574
7.31501,5804880,36281,0.00012550087501557103
7.31679,5806480,36291,0.00012550763461440656
7.31858,5808080,36301,0.0001254805278980177
7.32063,5809680,36311,0.00012549755301455474
7.3224,5811280,36321,0.000125471300458228
7.32422,5812880,36331,0.00012548015477936887
7.326,5814480,36341,0.0001254760744050197
7.32805,5816080,36351,0.00012544630867422114
7.32981,5817680,36361,0.00012544798036626115
7.33161,5819280,36371,0.00012543598494932189
7.3334,5820880,36381,0.0001254290440079256
7.33544,5822480,36391,0.00012541618076968367
7.33726,5824080,36401,0.0001254055042982545
7.33904,5825680,36411,0.00012542353618075035
7.34085,5827280,36421,0.00012539928505930602
7.34288,5828880,36431,0.00012539967078918808
7.34465,5830480,36441,0.00012538315339834238
7.34645,5832080,36451,0.0001253797126062016
7.34824,5833680,36461,0.0001253885092042089
7.35034,5835280,36471,0.00012534959444639865
7.35216,5836880,36481,0.0001253584617402076
7.35396,5838480,36491,0.000125341067478503
7.35575,5840080,36501,0.00012533958066988406
7.35781,5841680,36511,0.00012533145272073873
7.36003,5843280,36521,0.00012531010843288073
7.36189,5844880,36531,0.00012530901615673794
7.3637,5846480,36541,0.00012528881533130365
7.36579,5848080,36551,0.00012527323693492347
7.36757,5849680,36561,0.00012526468859013103
7.36936,5851280,36571,0.0001252490503415027
7.37115,5852880,36581,0.0001252517360026545
7.37319,5854480,36591,0.00012523048682023738
7.37497,5856080,36601,0.0001252303902706045
7.37677,5857680,36611,0.00012520556244220542
7.3786,5859280,36621,0.00012517915417526067
7.38065,5860880,36631,0.00012518303026506222
7.38244,5862480,36641,0.00012514440254292152
7.38421,5864080,36651,0.00012514812171689899
7.38597,5865680,36661,0.00012513184779882475
7.388,5867280,36671,0.00012511876571047464
7.38978,5868880,36681,0.00012511535083997542
7.39157,5870480,36691,0.0001250814259025658
7.39337,5872080,36701,0.00012507977309826786
7.39545,5873680,36711,0.00012506702969496478
7.39722,5875280,36721,0.000125046123347081
7.39899,5876880,36731,0.0001250489023158878
7.40078,5878480,36741,0.0001250224218473303
7.40279,5880080,36751,0.00012503027906628564
7.40456,5881680,36761,0.0001250093655750864
7.40638,5883280,36771,0.00012499876976964502
7.40824,5884880,36781,0.00012498843171294613
7.4103,5886480,36791,0.0001249792498903609
7.41212,5888080,36801,0.00012498894270545138
7.41395,5889680,36811,0.00012495789933100396
7.41574,5891280,36821,0.0001249533070579508
7.4178,5892880,36831,0.0001249394792636506
7.4196,5894480,36841,0.00012492967215475478
7.42139,5896080,36851,0.000124925615907873
7.4232,5897680,36861,0.00012489354150337605
7.42529,5899280,36871,0.0001248830286295112
7.42707,5900880,36881,0.00012487570175123697
7.42888,5902480,36891,0.00012486963908788472
7.43068,5904080,36901,0.00012485521385673798
7.43274,5905680,36911,0.0001248199606809254
7.43453,5907280,36921,0.00012481973466820125
7.43633,5908880,36931,0.00012479954131007845
7.43813,5910480,36941,0.0001247783434881744
7.44021,5912080,36951,0.00012476083639659068
7.44202,5913680,36961,0.0001247330364279632
7.44384,5915280,36971,0.00012474814604442573
7.44566,5916880,36981,0.00012471982879213792
7.4477,5918480,36991,0.00012469906001677696
7.44949,5920080,37001,0.00012467868872594913
7.45127,5921680,37011,0.00012466719167403446
7.45306,5923280,37021,0.00012466949087277732
7.45511,5924880,37031,0.00012462666030013843
7.45688,5926480,37041,0.00012460798407660026
7.45865,5928080,37051,0.00012459539081385515
7.46043,5929680,37061,0.0001245874359909506
7.46251,5931280,37071,0.00012456536301843485
7.46429,5932880,37081,0.00012453385989213452
7.4661,5934480,37091,0.00012452308889234626
7.46791,5936080,37101,0.00012449365526340413
7.46996,5937680,37111,0.0001244781885036978
7.47175,5939280,37121,0.00012445672159331657
7.47354,5940880,37131,0.0001244155568424915
7.47533,5942480,37141,0.0001244111760822838
7.47738,5944080,37151,0.0001243867021905997
7.4792,5945680,37161,0.00012435746714636355
7.48105,5947280,37171,0.00012433296581650273
7.48285,5948880,37181,0.00012429391893830147
7.48494,5950480,37191,0.00012429255262146229
7.48672,5952080,37201,0.0001242537139185488
7.48851,5953680,37211,0.0001242351245321783
7.49033,5955280,37221,0.00012420174776394885
7.49239,5956880,37231,0.00012418476748252485
7.49418,5958480,37241,0.00012416198239547857
7.49598,5960080,37251,0.00012412812197615773
7.49777,5961680,37261,0.00012412223583932631
7.49979,5963280,37271,0.00012408965437829024
7.50158,5964880,37281,0.00012407960940231597
7.50338,5966480,37291,0.00012404897173223448
7.50516,5968080,37301,0.00012400471469717345
7.50695,5969680,37311,0.0001239954916817127
7.50898,5971280,37321,0.00012397384503933483
7.51074,5972880,37331,0.0001239505469993324
7.51257,5974480,37341,0.00012392712909818117
7.51434,5976080,37351,0.00012389110980789465
7.51641,5977680,37361,0.00012388586993419305
7.51819,5979280,37371,0.00012383857467343148
7.51997,5980880,37381,0.00012382453347341282
7.52176,5982480,37391,0.0001237943286653484
7.52386,5984080,37401,0.00012377585654808898
7.52565,5985680,37411,0.0001237507861564565
7.52746,5987280,37421,0.00012370055073431495
7.5293,5988880,37431,0.00012367783768854612
7.53134,5990480,37441,0.00012364042553055822
7.53312,5992080,37451,0.00012361783659585283
7.53492,5993680,37461,0.0001235861691462406
7.53671,5995280,37471,0.00012355782821070124
7.53876,5996880,37481,0.00012354504879614862
7.54054,5998480,37491,0.0001235139584580252
7.54234,6000080,37501,0.00012347966350064604
7.54417,6001680,37511,0.0001234404987785695
7.54627,6003280,37521,0.00012340946171158704
7.54805,6004880,37531,0.00012339288437831358
7.54983,6006480,37541,0.0001233468459781277
7.5516,6008080,37551,0.00012331713391409461
7.55363,6009680,37561,0.00012327556995772246
7.55541,6011280,37571,0.00012324118690023624
7.55721,6012880,37581,0.0001232200776053096
7.55899,6014480,37591,0.0001231670170563897
7.56108,6016080,37601,0.00012314216381517466
7.5629,6017680,37611,0.00012309859389977688
7.56471,6019280,37621,0.00012307474692618142
7.5665,6020880,37631,0.00012303412999946015
7.56858,6022480,37641,0.00012298663826293237
7.57037,6024080,37651,0.0001229693547383972
7.57218,6025680,37661,0.00012293984035159806
7.57401,6027280,37671,0.00012289646429677718
7.57604,6028880,37681,0.00012285269497646148
7.57787,6030480,37691,0.0001228112198068572
7.5797,6032080,37701,0.00012278659214077364
7.58151,6033680,37711,0.00012272751547197196
7.58359,6035280,37721,0.00012270746889976418
7.58537,6036880,37731,0.00012265747519678814
7.58716,6038480,37741,0.00012261160126656769
7.58895,6040080,37751,0.00012258170209398372
7.59098,6041680,37761,0.0001225306628945249
7.59276,6043280,37771,0.00012250401991980436
7.59461,6044880,37781,0.00012246008391425707
7.59643,6046480,37791,0.00012243455955016774
7.59849,6048080,37801,0.00012238293851331988
7.60027,6049680,37811,0.00012234373114532182
7.60204,6051280,37821,0.00012230387375870323
7.60383,6052880,37831,0.00012225925969926686
7.60587,6054480,37841,0.00012222859931544303
7.60765,6056080,37851,0.00012216148447782328
7.60946,6057680,37861,0.00012211592335155917
7.61132,6059280,37871,0.0001220849474197882
7.61343,6060880,37881,0.00012203727359278577
7.61525,6062480,37891,0.0001220084406064019
7.61706,6064080,37901,0.00012195221380240442
7.61886,6065680,37911,0.00012191838203062799
7.62093,6067280,37921,0.0001218767935394216
7.62271,6068880,37931,0.00012182797993277698
7.62452,6070480,37941,0.00012179754913390489
7.62635,6072080,37951,0.00012174342717757511
7.62847,6073680,37961,0.00012171101620967427
7.63026,6075280,37971,0.00012165051147302805
7.63204,6076880,37981,0.00012160054257957277
7.63384,6078480,37991,0.00012156435255392638
7.63587,6080080,38001,0.0001215195908149825
7.63763,6081680,38011,0.00012148445611522007
7.6394,6083280,38021,0.0001214213315861943
7.6412,6084880,38031,0.00012138007304484527
7.64326,6086480,38041,0.0001213414882441817
7.64505,6088080,38051,0.0001212945942743824
7.64684,6089680,38061,0.00012125529445567058
7.64862,6091280,38071,0.00012119625451708672
7.65065,6092880,38081,0.00012115721698440635
7.65241,6094480,38091,0.00012110810157493594
7.65419,6096080,38101,0.0001210544219132862
7.65599,6097680,38111,0.00012100993520795279
7.65805,6099280,38121,0.00012095685433717238
7.65986,6100880,38131,0.00012092339916635123
7.66167,6102480,38141,0.00012085728177137559
7.66348,6104080,38151,0.00012079592993823225
7.66558,6105680,38161,0.00012075236724053834
7.66735,6107280,38171,0.00012069687757853241
7.66915,6108880,38181,0.00012066456587509454
7.67094,6110480,38191,0.00012058388058014576
7.67301,6112080,38201,0.00012054028952584485
7.67482,6113680,38211,0.00012048726348169898
7.67661,6115280,38221,0.00012044157842084138
7.67842,6116880,38231,0.00012038834732508441
7.68048,6118480,38241,0.00012032840571595503
7.68227,6120080,38251,0.00012029396128836016
7.68405,6121680,38261,0.00012024108186077694
7.68582,6123280,38271,0.00012017742698227502
7.6876,6124880,38281,0.00012013418673859598
7.68966,6126480,38291,0.00012007461905223435
7.69146,6128080,38301,0.00012004343320949976
7.69327,6129680,38311,0.00011997214739687193
7.69512,6131280,38321,0.00011991018195502828
7.69718,6132880,38331,0.000119858144119106
7.69895,6134480,38341,0.000119807142685259
7.70075,6136080,38351,0.00011975932038251445
7.70252,6137680,38361,0.00011969587816010839
7.70451,6139280,38371,0.00011967039122917807
7.70632,6140880,38381,0.00011962298412265468
7.70813,6142480,38391,0.00011958342023556633
7.70994,6144080,38401,0.00011954421535046757
7.71203,6145680,38411,0.00011949497483737179
7.71386,6147280,38421,0.00011946593947958183
7.71571,6148880,38431,0.00011941244313368876
7.71756,6150480,38441,0.00011936683083179495
7.7197,6152080,38451,0.0001193313829293708
7.72153,6153680,38461,0.00011928577009938206
7.72336,6155280,38471,0.00011927788380611086
7.72519,6156880,38481,0.00011923643055152672
7.72732,6158480,38491,0.00011923028519188715
7.72915,6160080,38501,0.00011920228433318601
7.73098,6161680,38511,0.00011917915162680016
7.73281,6163280,38521,0.00011916373380901034
7.7349,6164880,38531,0.00011912668117414205
7.73675,6166480,38541,0.00011913129272909592
7.73858,6168080,38551,0.00011911321668965982
7.7404,6169680,38561,0.00011910836459399186
7.74248,6171280,38571,0.00011908799367286657
7.74431,6172880,38581,0.00011907221754777451
7.74612,6174480,38591,0.00011906469701264584
7.74796,6176080,38601,0.00011904097611696585
7.75006,6177680,38611,0.00011902827294057831
7.7519,6179280,38621,0.00011901253042271437
7.75374,6180880,38631,0.0001190005173504309
7.75557,6182480,38641,0.0001190036839532789
7.75769,6184080,38651,0.00011897043450373977
7.75962,6185680,38661,0.0001189724197822404
7.7615,6187280,38671,0.00011893989776668064
7.76344,6188880,38681,0.00011894253398740846
7.76559,6190480,38691,0.00011892765216561102
7.76747,6192080,38701,0.00011890069286685581
7.76934,6193680,38711,0.00011889815251998025
7.77116,6195280,38721,0.00011886843165237124
7.77323,6196880,38731,0.00011886469712368147
7.77506,6198480,38741,0.00011883706585217105
7.77687,6200080,38751,0.00011881722272119068
7.77869,6201680,38761,0.00011881837002545269
7.7807,6203280,38771,0.00011880050176736774
7.78254,6204880,38781,0.00011878330426082911
7.78437,6206480,38791,0.00011874923475603191
7.78619,6208080,38801,0.00011873655168805411
7.78822,6209680,38811,0.00011873150321759646
7.79003,6211280,38821,0.00011869755074630714
7.79191,6212880,38831,0.00011867888680117643
7.79373,6214480,38841,0.00011865314872801062
7.79582,6216080,38851,0.00011864319868018156
7.79759,6217680,38861,0.00011861439904728606
7.79942,6219280,38871,0.00011859699272701724
7.80125,6220880,38881,0.00011858427659563846
7.80328,6222480,38891,0.00011855510953613299
7.80508,6224080,38901,0.0001185341316058703
7.80686,6225680,38911,0.00011849120474787325
7.80866,6227280,38921,0.00011847623495998306
7.81077,6228880,38931,0.00011846435326571224
7.8126,6230480,38941,0.000118433443804241
7.81443,6232080,38951,0.00011841161035837898
7.81622,6233680,38961,0.00011837189204136345
7.81825,6235280,38971,0.00011835225894947336
7.82006,6236880,38981,0.00011833753879031232
7.82189,6238480,38991,0.0001182952389882641
7.82372,6240080,39001,0.0001182702259851353
7.82574,6241680,39011,0.00011825150921131178
7.82751,6243280,39021,0.00011822933826362986
7.82934,6244880,39031,0.00011819563018625537
7.83118,6246480,39041,0.00011816652328604411
7.83327,6248080,39051,0.00011814681373740858
7.83503,6249680,39061,0.00011811510805421858
7.8368,6251280,39071,0.00011809206306162036
7.83859,6252880,39081,0.00011805125159248392
7.84071,6254480,39091,0.00011801551696547993
7.84252,6256080,39101,0.00011799278588221253
7.84434,6257680,39111,0.00011795815097674286
7.84617,6259280,39121,0.00011793461952029974
7.84826,6260880,39131,0.00011789246117804852
7.85008,6262480,39141,0.00011787720395216826
7.85186,6264080,39151,0.00011785225122712233
7.85366,6265680,39161,0.00011780055722381694
7.85567,6267280,39171,0.00011777390733404627
7.85746,6268880,39181,0.00011773740872522004
7.85924,6270480,39191,0.0001177180466315833
7.86112,6272080,39201,0.00011767297140648225
7.86323,6273680,39211,0.00011764949880527925
7.86502,6275280,39221,0.00011762172124730672
7.86684,6276880,39231,0.00011757370603801554
7.86864,6278480,39241,0.0001175498783484788
7.87068,6280080,39251,0.0001175028721129151
7.87251,6281680,39261,0.00011748463131267851
7.87431,6283280,39271,0.00011745494798948326
7.87613,6284880,39281,0.0001174088032002453
7.87795,6286480,39291,0.00011738366169040601
7.88007,6288080,39301,0.00011734842243172824
7.8819,6289680,39311,0.00011731848998970673
7.8837,6291280,39321,0.00011728386702663553
7.88551,6292880,39331,0.00011723430675812142
7.88754,6294480,39341,0.0001172091883679359
7.88933,6296080,39351,0.00011715751625502452
7.89116,6297680,39361,0.00011714469883019295
7.89299,6299280,39371,0.00011709821611144595
7.8951,6300880,39381,0.00011705446712911675
7.89692,6302480,39391,0.00011702150277471089
7.89871,6304080,39401,0.00011698788551186591
7.90049,6305680,39411,0.00011695149042456957
7.90252,6307280,39421,0.0001168881930746369
7.90432,6308880,39431,0.00011684039817467552
7.90609,6310480,39441,0.00011681970623268409
7.90791,6312080,39451,0.00011678956284094828
7.90994,6313680,39461,0.00011675860389397455
7.91174,6315280,39471,0.00011670342152435113
7.91354,6316880,39481,0.00011666920263567887
7.91532,6318480,39491,0.00011662754032821382
7.91741,6320080,39501,0.00011658037682953613
7.91918,6321680,39511,0.00011654566678143304
7.92095,6323280,39521,0.0001165076588780789
7.92275,6324880,39531,0.00011648719918548427
7.92479,6326480,39541,0.00011642954901698935
7.92658,6328080,39551,0.00011638549850201234
7.92842,6329680,39561,0.00011634856242808897
7.93024,6331280,39571,0.00011630895726033597
7.93228,6332880,39581,0.00011627028342245556
7.93408,6334480,39591,0.00011620738149150864
7.93588,6336080,39601,0.00011617204404077743
7.93771,6337680,39611,0.00011612911208751069
7.93976,6339280,39621,0.0001160841257342015
7.94158,6340880,39631,0.00011605066475673179
7.94343,6342480,39641,0.00011600479346149557
7.94533,6344080,39651,0.00011597092629297805
7.94742,6345680,39661,0.00011594281690912797
7.9492,6347280,39671,0.00011591481803945904
7.951,6348880,39681,0.00011589438275221367
7.95278,6350480,39691,0.00011588015180677598
7.9548,6352080,39701,0.00011587581813198716
7.9566,6353680,39711,0.00011583328511409648
7.9584,6355280,39721,0.00011581183385272857
7.9602,6356880,39731,0.00011579579809118702
7.96234,6358480,39741,0.0001157776544883117
7.96416,6360080,39751,0.00011576233982179066
7.96595,6361680,39761,0.00011572085743124898
7.96776,6363280,39771,0.00011570609428945139
7.96981,6364880,39781,0.00011568708898028641
7.9716,6366480,39791,0.00011565117567997538
7.97341,6368080,39801,0.00011563381742681761
7.97531,6369680,39811,0.0001155950217514197
7.97744,6371280,39821,0.00011558857657006233
7.9793,6372880,39831,0.00011555950053487862
7.98111,6374480,39841,0.00011552067275589356
7.98293,6376080,39851,0.0001154970886200514
7.98502,6377680,39861,0.00011547881522350201
7.98683,6379280,39871,0.00011546893890804905
7.98865,6380880,39881,0.00011541977940520386
7.99054,6382480,39891,0.00011540322981399426
7.99265,6384080,39901,0.00011537463233408929
7.99449,6385680,39911,0.0001153574204319878
7.99636,6387280,39921,0.00011533612006967356
7.99826,6388880,39931,0.0001152920613227016
8.00035,6390480,39941,0.00011527325518578477
8.00216,6392080,39951,0.0001152416397762826
8.00397,6393680,39961,0.00011522059524150807
8.00582,6395280,39971,0.00011519637813321368
8.00792,6396880,39981,0.00011515288620077627
8.00983,6398480,39991,0.00011513349151169062
8.0117,6400080,40001,0.00011509631643493758
8.01355,6401680,40011,0.00011506951594671307
8.0157,6403280,40021,0.00011504735582451922
8.01752,6404880,40031,0.00011501313441945188
8.01932,6406480,40041,0.00011500845716691695
8.02117,6408080,40051,0.00011496502345828032
8.0232,6409680,40061,0.00011494315045367659
8.02501,6411280,40071,0.00011492280019459282
8.02697,6412880,40081,0.00011491010277875531
8.02884,6414480,40091,0.00011489123302865258
8.03095,6416080,40101,0.00011485587681317813
8.03278,6417680,40111,0.00011484227337444329
8.03456,6419280,40121,0.00011482119330533808
8.03645,6420880,40131,0.00011479170852166792
8.03858,6422480,40141,0.00011477204997213143
8.04043,6424080,40151,0.00011473688961860344
8.04235,6425680,40161,0.00011472521118071309
8.04424,6427280,40171,0.00011469398775310578
8.04634,6428880,40181,0.00011465114874442683
8.04815,6430480,40191,0.00011462945482260123
8.04998,6432080,40201,0.00011461594052108136
8.05184,6433680,40211,0.00011460500699331418
8.05389,6435280,40221,0.00011456417708681846
8.05568,6436880,40231,0.00011453479508597222
8.05757,6438480,40241,0.00011451378810775799
8.0594,6440080,40251,0.00011448953357239
8.06134,6441680,40261,0.00011446659269765368
8.06343,6443280,40271,0.00011441200566550402
8.06531,6444880,40281,0.00011439883024972827
8.06714,6446480,40291,0.00011437526636312069
8.06896,6448080,40301,0.00011433827177631355
8.071,6449680,40311,0.00011431346080027424
8.07284,6451280,40321,0.00011427918330530334
8.07464,6452880,40331,0.00011426198707695061
8.07644,6454480,40341,0.00011422613560127699
8.07857,6456080,40351,0.00011418496759909788
8.08042,6457680,40361,0.0001141589033267932
8.08229,6459280,40371,0.00011412022698273003
8.0841,6460880,40381,0.00011410228413259553
8.08612,6462480,40391,0.00011405560928609386
8.08801,6464080,40401,0.00011403209566948971
8.08987,6465680,40411,0.00011400559148586412
8.09165,6467280,40421,0.00011398094141637505
8.09374,6468880,40431,0.00011395257851580867
8.0956,6470480,40441,0.00011391471718613828
8.09742,6472080,40451,0.00011389024686328693
8.09923,6473680,40461,0.00011387284175429918
8.10126,6475280,40471,0.00011384046206098196
8.10308,6476880,40481,0.00011381719225208795
8.10495,6478480,40491,0.00011377702581026258
8.10683,6480080,40501,0.00011375663263956358
8.10898,6481680,40511,0.0001137239790832377
8.11083,6483280,40521,0.00011369024763406392
8.11267,6484880,40531,0.00011367037857719191
8.11458,6486480,40541,0.00011362682174578462
8.11675,6488080,40551,0.000113606241068865
8.11861,6489680,40561,0.00011356257995605822
8.12043,6491280,40571,0.00011353097191605516
8.12225,6492880,40581,0.00011350736055062635
8.12434,6494480,40591,0.00011348193303186739
8.12616,6496080,40601,0.00011344802712415746
8.12798,6497680,40611,0.00011341223557751086
8.12982,6499280,40621,0.00011338202396727476
8.13186,6500880,40631,0.00011336177877010675
8.13366,6502480,40641,0.00011331291575824784
8.13542,6504080,40651,0.00011328967714862616
8.13724,6505680,40661,0.00011323864307647216
8.13925,6507280,40671,0.00011322234890443622
8.14103,6508880,40681,0.00011318554271827139
8.14284,6510480,40691,0.00011314785876240241
8.14468,6512080,40701,0.00011312846425664234
8.14673,6513680,40711,0.00011309078237856443
8.14854,6515280,40721,0.00011306322017936785
8.15037,6516880,40731,0.00011302814886673257
8.15218,6518480,40741,0.00011299019917358939
8.15425,6520080,40751,0.00011297457527880729
8.15607,6521680,40761,0.00011293565514848211
8.15795,6523280,40771,0.00011289834198462655
8.15984,6524880,40781,0.00011285687391505116
8.16198,6526480,40791,0.00011283398374501222
8.16381,6528080,40801,0.00011281996048368749
8.16564,6529680,40811,0.00011277020839369975
8.16744,6531280,40821,0.00011274247234702162
8.16948,6532880,40831,0.00011270587276772555
8.17127,6534480,40841,0.000112680623620659
8.17311,6536080,40851,0.00011265547830157166
8.17501,6537680,40861,0.00011258967624047135
8.17717,6539280,40871,0.00011257405543951132
8.17897,6540880,40881,0.00011253963958226913
8.18073,6542480,40891,0.00011250085435403172
8.18253,6544080,40901,0.00011246707420289881
8.18456,6545680,40911,0.00011243126421493083
8.18632,6547280,40921,0.00011241444974031782
8.18813,6548880,40931,0.00011237039468550876
8.18993,6550480,40941,0.00011234752369305816
8.19197,6552080,40951,0.0001123129807615638
8.19381,6553680,40961,0.00011226579820280448
8.19565,6555280,40971,0.00011225122485157037
8.19756,6556880,40981,0.00011219331222505138
8.19963,6558480,40991,0.00011215988546321026
8.20138,6560080,41001,0.00011212743605277554
8.20316,6561680,41011,0.00011209107825450697
8.20501,6563280,41021,0.00011206135326050082
8.20705,6564880,41031,0.00011201408467798567
8.20889,6566480,41041,0.00011198279637565992
8.21074,6568080,41051,0.00011195173011364912
8.21262,6569680,41061,0.00011191099166177679
8.21469,6571280,41071,0.00011188027769592004
8.21651,6572880,41081,0.0001118309761917631
8.21832,6574480,41091,0.00011181312706129432
8.22014,6576080,41101,0.00011178205670826606
8.22215,6577680,41111,0.00011174584604485907
8.22395,6579280,41121,0.00011172266903973493
8.22584,6580880,41131,0.0001116852031339717
8.2277,6582480,41141,0.00011165744194707554
8.22986,6584080,41151,0.00011161230829512953
8.2317,6585680,41161,0.00011158298531404286
8.23359,6587280,41171,0.00011156201636990104
8.23549,6588880,41181,0.00011153654055866789
8.23763,6590480,41191,0.00011149767118321524
8.23944,6592080,41201,0.00011146519033536362
8.24122,6593680,41211,0.00011142270230696943
8.24302,6595280,41221,0.00011140898775537957
8.24483,6596880,41231,0.00011136529175916413
8.24685,6598480,41241,0.00011134019793807536
8.24861,6600080,41251,0.00011132327757145538
8.25037,6601680,41261,0.00011131868686585673
8.25216,6603280,41271,0.00011131474106768416
8.2542,6604880,41281,0.00011128395534660065
8.25597,6606480,41291,0.0001112766481820883
8.25775,6608080,41301,0.00011125496806981515
8.25956,6609680,41311,0.00011125876342692534
8.26156,6611280,41321,0.0001112403657375742
8.26336,6612880,41331,0.000111204884224083
8.26517,6614480,41341,0.00011120782628563225
8.26699,6616080,41351,0.00011118747653129576
8.269,6617680,41361,0.00011116333306194354
8.2708,6619280,41371,0.00011116245343035548
8.2726,6620880,41381,0.00011113506158664035
8.27444,6622480,41391,0.00011114316428665477
8.27648,6624080,41401,0.0001111191060080216
8.27826,6625680,41411,0.0001110982221163171
8.28005,6627280,41421,0.00011108852502810483
8.28186,6628880,41431,0.00011106303691619558
8.2839,6630480,41441,0.0001110605026043189
8.28569,6632080,41451,0.00011103286015557746
8.28747,6633680,41461,0.00011102933605679557
8.28923,6635280,41471,0.00011101730113863631
8.29121,6636880,41481,0.00011099143385796123
8.29301,6638480,41491,0.00011097927674363038
8.2948,6640080,41501,0.00011095899157134541
8.29664,6641680,41511,0.00011095081372079242
8.29869,6643280,41521,0.00011094576124450264
8.3005,6644880,41531,0.0001109186254368514
8.30225,6646480,41541,0.0001109138229765591
8.30405,6648080,41551,0.00011088808230843086
8.30611,6649680,41561,0.00011087182473443549
8.30792,6651280,41571,0.0001108535632340854
8.30973,6652880,41581,0.0001108407822979305
8.31159,6654480,41591,0.00011082842932164973
8.31369,6656080,41601,0.00011079773224252805
8.31552,6657680,41611,0.00011078264307294236
8.31735,6659280,41621,0.00011076636666288581
8.31916,6660880,41631,0.00011074475808658946
8.32121,6662480,41641,0.00011073650292395439
8.323,6664080,41651,0.00011071113119831728
8.32481,6665680,41661,0.00011069127616481454
8.32669,6667280,41671,0.0001106710958950069
8.32878,6668880,41681,0.00011065160198449331
8.33057,6670480,41691,0.00011065309320803379
8.33243,6672080,41701,0.00011062546307353573
8.33426,6673680,41711,0.00011060597478430509
8.33632,6675280,41721,0.00011058978881798784
8.33815,6676880,41731,0.00011057259681174561
8.33997,6678480,41741,0.00011056863569806376
8.34182,6680080,41751,0.00011052617976589976
8.3439,6681680,41761,0.0001105158054832342
8.34575,6683280,41771,0.00011050137535279295
8.34757,6684880,41781,0.00011047838820568354
8.34939,6686480,41791,0.00011046980218288975
8.35145,6688080,41801,0.00011043549989799527
8.35328,6689680,41811,0.00011042581706474479
8.3551,6691280,41821,0.00011041232082049761
8.35688,6692880,41831,0.00011038833870873066
8.35894,6694480,41841,0.00011038176225233384
8.36076,6696080,41851,0.00011034513825954918
8.36258,6697680,41861,0.00011034299568789263
8.36436,6699280,41871,0.00011031679223599475
8.36639,6700880,41881,0.0001102869156645557
8.36815,6702480,41891,0.00011027366365000749
8.36991,6704080,41901,0.00011025979925344785
8.37172,6705680,41911,0.00011023248722954841
8.37376,6707280,41921,0.00011020364132579771
8.37552,6708880,41931,0.00011017716440438544
8.37731,6710480,41941,0.0001101807463140328
8.37922,6712080,41951,0.00011015887518323747
8.38126,6713680,41961,0.00011012558491940196
8.38303,6715280,41971,0.00011010663487766824
8.38483,6716880,41981,0.00011007769670701162
8.38662,6718480,41991,0.00011006999352080118
8.38866,6720080,42001,0.0001100383813992193
8.39043,6721680,42011,0.00011002107869732651
8.39217,6723280,42021,0.0001099948419151682
8.39398,6724880,42031,0.00010997634857030925
8.39604,6726480,42041,0.00010995183508402673
8.39782,6728080,42051,0.00010990864286112428
8.39966,6729680,42061,0.00010990078580418172
8.40146,6731280,42071,0.00010989032702621478
8.40348,6732880,42081,0.00010985990764932237
8.40531,6734480,42091,0.00010983235487859941
8.40707,6736080,42101,0.00010980450508733808
8.40886,6737680,42111,0.00010978535068550087
8.41102,6739280,42121,0.00010977252855051689
8.4128,6740880,42131,0.0001097287980845428
8.4146,6742480,42141,0.00010971231335754096
8.41641,6744080,42151,0.00010968454225428886
8.4184,6745680,42161,0.00010966668504688859
8.42017,6747280,42171,0.00010963669621007026
8.42196,6748880,42181,0.00010960623523016341
8.42372,6750480,42191,0.00010958852072755557
8.42583,6752080,42201,0.00010956700742086392
8.42768,6753680,42211,0.00010954067853454798
8.42944,6755280,42221,0.00010951132490722056
8.43123,6756880,42231,0.00010947811004924889
8.43297,6758480,42241,0.00010946506168438806
8.43495,6760080,42251,0.00010943473576012323
8.43675,6761680,42261,0.00010940554292415174
8.43855,6763280,42271,0.00010939012133948274
8.44038,6764880,42281,0.00010936745029338675
8.4424,6766480,42291,0.00010936694664844503
8.44427,6768080,42301,0.00010934392015879597
8.44609,6769680,42311,0.00010932703741578335
8.44789,6771280,42321,0.00010932310967876578
8.44987,6772880,42331,0.00010930198054186213
8.45168,6774480,42341,0.0001092942319299052
8.45346,6776080,42351,0.00010927651885121216
8.45525,6777680,42361,0.00010926564059883168
8.45734,6779280,42371,0.00010927681202055686
8.45909,6780880,42381,0.00010924997701549158
8.46094,6782480,42391,0.00010923568323537892
8.46283,6784080,42401,0.00010922024433783137
8.46482,6785680,42411,0.00010920901101655299
8.46665,6787280,42421,0.00010920865020719144
8.4685,6788880,42431,0.000109170250143939
8.47028,6790480,42441,0.00010914747264887878
8.47238,6792080,42451,0.00010913688077183667
8.47418,6793680,42461,0.0001091210697523673
8.47595,6795280,42471,0.00010911589419707914
8.47783,6796880,42481,0.00010908433398734187
8.47981,6798480,42491,0.00010907882043073927
8.48159,6800080,42501,0.00010906945739481977
8.48338,6801680,42511,0.00010903995528335937
8.48519,6803280,42521,0.00010904291762054569
8.48725,6804880,42531,0.00010901706459390433
8.48907,6806480,42541,0.00010900606119949863
8.49084,6808080,42551,0.00010899758362311468
8.4926,6809680,42561,0.00010896464229271166
8.49463,6811280,42571,0.00010895669615086298
8.49642,6812880,42581,0.00010894272661893939
8.49823,6814480,42591,0.00010892512608988783
8.50002,6816080,42601,0.000108906818033409
8.50205,6817680,42611,0.00010887468125181203
8.5038,6819280,42621,0.00010886545934208139
8.50558,6820880,42631,0.00010885437537145638
8.50737,6822480,42641,0.00010882682941153188
8.50941,6824080,42651,0.00010882190168486072
8.51125,6825680,42661,0.00010880231552440854
8.51311,6827280,42671,0.00010880085136294286
8.5149,6828880,42681,0.0001087788266225867
8.51693,6830480,42691,0.00010874322862553659
8.51874,6832080,42701,0.00010873891398384579
8.52049,6833680,42711,0.00010871115989782854
8.52226,6835280,42721,0.00010869637830463776
8.52434,6836880,42731,0.00010867587559269636
8.52616,6838480,42741,0.00010864583976250529
8.52803,6840080,42751,0.0001086445248904399
8.52989,6841680,42761,0.00010862464271609376
8.53196,6843280,42771,0.00010858881479994427
8.53378,6844880,42781,0.00010858028243122125
8.53555,6846480,42791,0.0001085527695102069
8.53735,6848080,42801,0.00010855561600080742
8.53941,6849680,42811,0.0001085351488649064
8.54118,6851280,42821,0.00010852098064221584
8.54296,6852880,42831,0.00010851637114454686
8.54477,6854480,42841,0.00010849706881265256
8.5468,6856080,42851,0.00010849033454162285
8.54858,6857680,42861,0.00010847577288287599
8.5504,6859280,42871,0.00010845154726532233
8.55217,6860880,42881,0.00010845439623796
8.5543,6862480,42891,0.00010843755926521169
8.55613,6864080,42901,0.00010841992162580888
8.55792,6865680,42911,0.0001084068704323548
8.55977,6867280,42921,0.0001083872901052902
8.56191,6868880,42931,0.00010839510710667667
8.56375,6870480,42941,0.00010837408865049802
8.56555,6872080,42951,0.00010836731775667845
8.56731,6873680,42961,0.00010836251774800146
8.56931,6875280,42971,0.00010834792009142662
8.57111,6876880,42981,0.00010833522728044206
8.57288,6878480,42991,0.00010831243942723695
8.57465,6880080,43001,0.00010830033751111322
8.57676,6881680,43011,0.00010830774584200814
8.57855,6883280,43021,0.00010828780723119887
8.58038,6884880,43031,0.00010827105438583444
8.58212,6886480,43041,0.00010825906640733567
8.58415,6888080,43051,0.00010823604764418314
8.58593,6889680,43061,0.00010823826565976337
8.58769,6891280,43071,0.0001082165738820421
8.58946,6892880,43081,0.00010820237572110869
8.59153,6894480,43091,0.00010819430959777519
8.59333,6896080,43101,0.00010817724002386113
8.59515,6897680,43111,0.00010817356709431555
8.59692,6899280,43121,0.00010814340111388147
8.59892,6900880,43131,0.00010813612881261508
8.60066,6902480,43141,0.00010813550446327029
8.60242,6904080,43151,0.0001081027509410061
8.6042,6905680,43161,0.00010808776965105273
8.6063,6907280,43171,0.00010807400950185037
8.60807,6908880,43181,0.0001080662890852388
8.6099,6910480,43191,0.00010807282966019717
8.61176,6912080,43201,0.00010804821348843995
8.61372,6913680,43211,0.00010805160923939121
8.61583,6915280,43221,0.00010805050393510214
8.61768,6916880,43231,0.00010804286679846897
8.61948,6918480,43241,0.00010804763478072278
8.6213,6920080,43251,0.0001080356082948531
8.62337,6921680,43261,0.00010802849025717126
8.62519,6923280,43271,0.00010803692583293521
8.62701,6924880,43281,0.00010802310834310061
8.62883,6926480,43291,0.00010801739849828663
8.63085,6928080,43301,0.00010801728080526811
8.63264,6929680,43311,0.00010800818803886024
8.63443,6931280,43321,0.00010801535775457893
8.63621,6932880,43331,0.00010800377457826325
8.63823,6934480,43341,0.00010800130979644884
8.63999,6936080,43351,0.0001080055135140312
8.6418,6937680,43361,0.00010798857456139482
8.64366,6939280,43371,0.00010798255424987122
8.64571,6940880,43381,0.00010796296165573559
8.64755,6942480,43391,0.00010796551395047399
8.64939,6944080,43401,0.00010796974775725138
8.65122,6945680,43411,0.00010795499618467506
8.65327,6947280,43421,0.0001079415711568079
8.65515,6948880,43431,0.0001079370364268431
8.65699,6950480,43441,0.00010792933404472731
8.65883,6952080,43451,0.00010793306345683804
8.6609,6953680,43461,0.0001079052016682118
8.6627,6955280,43471,0.00010790237905326967
8.66448,6956880,43481,0.00010790531761779507
8.66628,6958480,43491,0.00010788841427152723
8.66838,6960080,43501,0.00010789466496147725
8.67018,6961680,43511,0.00010788339385685991
8.67199,6963280,43521,0.0001078708763457125
8.67382,6964880,43531,0.00010787479006103134
8.67585,6966480,43541,0.00010785473523691226
8.67761,6968080,43551,0.00010784831117205754
8.67939,6969680,43561,0.00010784793947878242
8.68119,6971280,43571,0.00010783757638578584
8.68323,6972880,43581,0.00010783862772133224
8.68499,6974480,43591,0.00010783034874903633
8.68675,6976080,43601,0.00010781276917164531
8.68853,6977680,43611,0.000107812174994679
8.69051,6979280,43621,0.00010780346065058372
8.69227,6980880,43631,0.00010780138867731541
8.69405,6982480,43641,0.00010778496918419783
8.69585,6984080,43651,0.00010777014385157137
8.69791,6985680,43661,0.00010777586423559894
8.6997,6987280,43671,0.0001077520107140937
8.70145,6988880,43681,0.00010774310021142812
8.70321,6990480,43691,0.00010773717134742768
8.70523,6992080,43701,0.00010772581491163592
8.70697,6993680,43711,0.00010772229507805507
8.70875,6995280,43721,0.00010770688329793734
8.71056,6996880,43731,0.00010769241017920261
8.71259,6998480,43741,0.0001076909833125448
8.71435,7000080,43751,0.00010766845679456918
8.71611,7001680,43761,0.00010765780295321319
8.71787,7003280,43771,0.00010763602450959871
8.71988,7004880,43781,0.00010762378186418564
8.72166,7006480,43791,0.0001076241729448587
8.72345,7008080,43801,0.00010759288244619955
8.72522,7009680,43811,0.00010757844404873235
8.7273,7011280,43821,0.0001075803290891044
8.72911,7012880,43831,0.00010757026028270118
8.73091,7014480,43841,0.00010756575859575089
8.73269,7016080,43851,0.00010754343657386374
8.7347,7017680,43861,0.00010753314838838485
8.73647,7019280,43871,0.00010753339771196573
8.73825,7020880,43881,0.00010752397831708706
8.74003,7022480,43891,0.00010752733357169593
8.74205,7024080,43901,0.00010754624635241766
8.74384,7025680,43911,0.00010755604846502537
8.74564,7027280,43921,0.00010757208890957264
8.74742,7028880,43931,0.00010756449662170132
8.74943,7030480,43941,0.00010757612889751925
8.75119,7032080,43951,0.00010759522501989187
8.75294,7033680,43961,0.00010759720454359828
8.75473,7035280,43971,0.00010760973948806783
8.75687,7036880,43981,0.00010761052534704815
8.75868,7038480,43991,0.0001076085730320267
8.76047,7040080,44001,0.00010762505424272671
8.76233,7041680,44011,0.00010762322101164935
8.7644,7043280,44021,0.00010762780279613762
8.7662,7044880,44031,0.00010763957926094095
8.76802,7046480,44041,0.00010763583600047893
8.76987,7048080,44051,0.00010765406575496787
8.77199,7049680,44061,0.0001076548549139595
8.77377,7051280,44071,0.00010764456303116905
8.77555,7052880,44081,0.00010766558934303949
8.77734,7054480,44091,0.00010766977806207431
8.77939,7056080,44101,0.00010766780860482078
8.78116,7057680,44111,0.00010767870732485141
8.78296,7059280,44121,0.0001076676308113915
8.78476,7060880,44131,0.00010768831977436832
8.78683,7062480,44141,0.000107690583939897
8.78864,7064080,44151,0.00010768453331449872
8.79048,7065680,44161,0.00010769487894854955
8.79229,7067280,44171,0.00010768937827403992
8.79413,7068880,44181,0.00010770111208997443
8.79628,7070480,44191,0.00010769939343080286
8.79809,7072080,44201,0.00010769454551609776
8.79991,7073680,44211,0.00010771036897976732
8.80172,7075280,44221,0.00010771165370251044
8.80384,7076880,44231,0.0001077147396769361
8.80569,7078480,44241,0.00010773133699507748
8.80751,7080080,44251,0.000107717607686025
8.80935,7081680,44261,0.00010771791646375234
8.8114,7083280,44271,0.00010772734953837237
8.81318,7084880,44281,0.00010771607870722205
8.81498,7086480,44291,0.0001077175473681042
8.81676,7088080,44301,0.0001077219335053857
8.81877,7089680,44311,0.0001077246316000275
8.82054,7091280,44321,0.00010773386948666717
8.82235,7092880,44331,0.00010772145868382862
8.82419,7094480,44341,0.0001077296523171959
8.82624,7096080,44351,0.00010774080888730116
8.82804,7097680,44361,0.000107733415603559
8.82983,7099280,44371,0.00010773988079219171
8.83163,7100880,44381,0.00010773785707561372
8.83362,7102480,44391,0.00010774257101304856
8.8354,7104080,44401,0.00010775222581395696
8.83723,7105680,44411,0.00010773125864374164
8.83903,7107280,44421,0.00010774038509523028
8.84103,7108880,44431,0.0001077404371869501
8.84279,7110480,44441,0.00010773628615302032
8.8446,7112080,44451,0.00010773505146361752
8.84641,7113680,44461,0.0001077225680707547
8.84841,7115280,44471,0.0001077209413509056
8.85021,7116880,44481,0.00010773916975890044
8.85196,7118480,44491,0.00010772251298985652
8.85375,7120080,44501,0.00010771966140137729
8.85588,7121680,44511,0.00010772782460072121
8.85771,7123280,44521,0.00010773010212896186
8.85948,7124880,44531,0.00010773683455734921
8.86131,7126480,44541,0.00010772309207098159
8.86338,7128080,44551,0.00010771206596489613
8.86521,7129680,44561,0.00010772170368081313
8.86697,7131280,44571,0.00010771291177857738
8.86879,7132880,44581,0.00010770899413033164
8.87085,7134480,44591,0.00010770747644641213
8.8727,7136080,44601,0.0001077010554694259
8.8745,7137680,44611,0.00010771235357852349
8.87631,7139280,44621,0.00010769864572662477
8.87836,7140880,44631,0.00010768672183849096
8.88019,7142480,44641,0.0001076913900438306
8.88199,7144080,44651,0.0001076848625245555
8.8838,7145680,44661,0.00010767959621943261
8.88582,7147280,44671,0.00010767908227720356
8.8876,7148880,44681,0.00010766375168535375
8.8894,7150480,44691,0.00010766939418972027
8.89119,7152080,44701,0.00010766664120200227
8.89325,7153680,44711,0.00010764376819546485
8.89501,7155280,44721,0.00010765653292041377
8.89681,7156880,44731,0.00010764091965597376
8.89859,7158480,44741,0.000107634923338297
8.90063,7160080,44751,0.00010762960265770297
8.90237,7161680,44761,0.00010761182113916759
8.90412,7163280,44771,0.00010760758415293697
8.90591,7164880,44781,0.00010761327497801378
8.90792,7166480,44791,0.00010760022207397489
8.90968,7168080,44801,0.00010758865903144794
8.91145,7169680,44811,0.00010756922809865808
8.91321,7171280,44821,0.00010756981188028703
8.91522,7172880,44831,0.00010757185440580727
8.91695,7174480,44841,0.00010755686246511666
8.91869,7176080,44851,0.00010755131047707547
8.92047,7177680,44861,0.00010755206833669775
8.92247,7179280,44871,0.00010754789540615324
8.92423,7180880,44881,0.00010754270790901133
8.92601,7182480,44891,0.00010752953698606703
8.92779,7184080,44901,0.00010751376317898187
8.92977,7185680,44911,0.00010750698772111003
8.9315,7187280,44921,0.00010748866876321601
8.93325,7188880,44931,0.00010748166986344898
8.93501,7190480,44941,0.00010748096479110299
8.93701,7192080,44951,0.00010746590464106621
8.93876,7193680,44961,0.00010746250477114243
8.94051,7195280,44971,0.00010745234045536622
8.94227,7196880,44981,0.00010742427229120527
8.94435,7198480,44991,0.00010743065951389352
8.94608,7200080,45001,0.00010741042408167305
8.94785,7201680,45011,0.00010739538006448827
8.94962,7203280,45021,0.00010739384033578263
8.95162,7204880,45031,0.00010737350024372407
8.95338,7206480,45041,0.00010735712813402659
8.95517,7208080,45051,0.00010734509989199226
8.95691,7209680,45061,0.00010732775627973583
8.95894,7211280,45071,0.0001073274395789886
8.96075,7212880,45081,0.00010731220741924674
8.96252,7214480,45091,0.00010730010408744467
8.96433,7216080,45101,0.00010728731587746412
8.96635,7217680,45111,0.00010725731474294647
8.9681,7219280,45121,0.00010724511154491627
8.96989,7220880,45131,0.00010724042690896975
8.97167,7222480,45141,0.0001072155470140182
8.97369,7224080,45151,0.00010720752290108507
8.97543,7225680,45161,0.00010719174919042278
8.97728,7227280,45171,0.00010717813050136783
8.97908,7228880,45181,0.00010717717341814613
8.98085,7230480,45191,0.00010714462400166457
8.98285,7232080,45201,0.000107126677327209
8.98462,7233680,45211,0.0001071292904871006
8.98637,7235280,45221,0.00010710813801646443
8.98815,7236880,45231,0.0001070857184129314
8.99019,7238480,45241,0.00010706477867643109
8.99194,7240080,45251,0.00010704754175389422
8.99372,7241680,45261,0.00010704891311125175
8.99553,7243280,45271,0.00010702257927723557
8.99757,7244880,45281,0.00010700488269367245
8.99938,7246480,45291,0.00010700087798292887
9.00117,7248080,45301,0.0001069871862221794
9.00294,7249680,45311,0.00010697012639018441
9.00493,7251280,45321,0.0001069458005675001
9.00668,7252880,45331,0.00010693146587350578
9.00844,7254480,45341,0.00010692628855317639
9.01025,7256080,45351,0.00010690987403153863
9.01228,7257680,45361,0.00010687886063891726
9.01402,7259280,45371,0.00010687351336333487
9.0158,7260880,45381,0.00010684808737722144
9.01756,7262480,45391,0.00010683168064723123
9.01954,7264080,45401,0.00010681511873033255
9.02133,7265680,45411,0.00010678676247751796
9.02308,7267280,45421,0.0001067711533915619
9.02486,7268880,45431,0.00010675828294423248
9.02697,7270480,45441,0.00010673046665792864
9.02875,7272080,45451,0.00010671240660016512
9.03054,7273680,45461,0.00010669254222658853
9.03231,7275280,45471,0.00010667096405833632
9.03437,7276880,45481,0.00010666639462856599
9.03614,7278480,45491,0.00010664700248313487
9.03796,7280080,45501,0.0001066324032344846
9.0398,7281680,45511,0.00010662574871750374
9.0419,7283280,45521,0.00010660799724003349
9.04374,7284880,45531,0.0001065873647927637
9.04556,7286480,45541,0.00010657604941759387
9.04736,7288080,45551,0.00010655785005492767
9.04938,7289680,45561,0.00010655105909032972
9.05113,7291280,45571,0.0001065332474780075
9.0529,7292880,45581,0.0001065134677101856
9.05469,7294480,45591,0.00010651217968602258
9.05671,7296080,45601,0.00010649346801197904
9.0585,7297680,45611,0.00010648091601671468
9.0603,7299280,45621,0.00010646954941425334
9.06214,7300880,45631,0.00010644101914942389
9.06423,7302480,45641,0.00010642413916646214
9.06599,7304080,45651,0.00010641857546034826
9.06778,7305680,45661,0.0001063891456062234
9.06958,7307280,45671,0.00010637814633692594
9.07164,7308880,45681,0.00010635998467561913
9.07342,7310480,45691,0.00010634258035758376
9.0752,7312080,45701,0.00010633714182179364
9.077,7313680,45711,0.00010630260812366336
9.07907,7315280,45721,0.00010629167738500887
9.08084,7316880,45731,0.00010628074362009458
9.08264,7318480,45741,0.00010625695928063485
9.08448,7320080,45751,0.00010623310268571655
9.08648,7321680,45761,0.00010622279465404179
9.08827,7323280,45771,0.0001061985099128325
9.09004,7324880,45781,0.00010619502436062626
9.09182,7326480,45791,0.00010616799141999374
9.09391,7328080,45801,0.00010614559509136007
9.09568,7329680,45811,0.0001061393531674882
9.09744,7331280,45821,0.00010611267185755766
9.09924,7332880,45831,0.00010610161229410858
9.10125,7334480,45841,0.00010608080320490682
9.10301,7336080,45851,0.0001060517096841563
9.10479,7337680,45861,0.00010602385453138859
9.10655,7339280,45871,0.00010601248224306921
9.10861,7340880,45881,0.00010598437053370609
9.11041,7342480,45891,0.00010596962992951049
9.11218,7344080,45901,0.00010594769838154043
9.1141,7345680,45911,0.00010593190611699055
9.11625,7347280,45921,0.00010592208679510544
9.11804,7348880,45931,0.00010589278399870776
9.11982,7350480,45941,0.00010587160193284602
9.12161,7352080,45951,0.00010585783946465838
9.12369,7353680,45961,0.000105836495131479
9.12551,7355280,45971,0.00010581971387152618
9.12733,7356880,45981,0.00010580099898083693
9.12913,7358480,45991,0.00010578250184062506
9.13121,7360080,46001,0.0001057707106497871
9.133,7361680,46011,0.00010574111335982621
9.13478,7363280,46021,0.00010572129948743618
9.13657,7364880,46031,0.00010571521761745459
9.13861,7366480,46041,0.00010569686234181662
9.14036,7368080,46051,0.00010567929660718761
9.14212,7369680,46061,0.00010566213926955365
9.1439,7371280,46071,0.0001056296629540817
9.14592,7372880,46081,0.0001056122828659977
9.14767,7374480,46091,0.00010559837812616248
9.14944,7376080,46101,0.00010556518001926529
9.15121,7377680,46111,0.00010555636015405906
9.15322,7379280,46121,0.00010553495484855874
9.15502,7380880,46131,0.00010551574013076097
9.15681,7382480,46141,0.00010550153396924125
9.15862,7384080,46151,0.00010546923519585798
9.16045,7385680,46161,0.00010544761263512996
9.16252,7387280,46171,0.00010543798287261305
9.1643,7388880,46181,0.00010540466704283234
9.16609,7390480,46191,0.00010538409415344202
9.16788,7392080,46201,0.0001053632439935552
9.16991,7393680,46211,0.00010533879682195386
9.17168,7395280,46221,0.00010532828590766215
9.17347,7396880,46231,0.0001052984497540467
9.17531,7398480,46241,0.00010528195896020165
9.17736,7400080,46251,0.00010526212027237199
9.17914,7401680,46261,0.00010523780515754762
9.18092,7403280,46271,0.0001052109924799937
9.1827,7404880,46281,0.00010519370103784752
9.18475,7406480,46291,0.00010516924722545236
9.18654,7408080,46301,0.00010517023016482115
9.18833,7409680,46311,0.00010516794740486092
9.19013,7411280,46321,0.000105149475546535
9.19213,7412880,46331,0.00010514980317707576
9.19391,7414480,46341,0.00010514636066532093
9.19575,7416080,46351,0.00010514422352509052
9.19762,7417680,46361,0.00010514474990552976
9.1997,7419280,46371,0.00010513370251950642
9.20148,7420880,46381,0.00010512366278320195
9.20323,7422480,46391,0.00010512765556500159
9.20502,7424080,46401,0.00010510479830277107
9.20704,7425680,46411,0.00010508215402317382
9.20886,7427280,46421,0.00010508770855535525
9.21068,7428880,46431,0.00010507362577908026
9.21253,7430480,46441,0.0001050646801411155
9.21457,7432080,46451,0.00010505127248490453
9.21635,7433680,46461,0.00010503556839175365
9.21813,7435280,46471,0.0001050370637928899
9.2199,7436880,46481,0.00010502796994705209
9.2219,7438480,46491,0.0001050179144850942
9.22367,7440080,46501,0.00010501592626022821
9.22543,7441680,46511,0.00010500235836852397
9.22724,7443280,46521,0.00010499953610499518
9.2293,7444880,46531,0.0001049927868490598
9.23105,7446480,46541,0.00010496220132147176
9.23284,7448080,46551,0.00010495402040955858
9.23459,7449680,46561,0.00010494702687423481
9.23662,7451280,46571,0.00010493849448221793
9.2384,7452880,46581,0.0001049242184635868
9.24016,7454480,46591,0.00010490776221734263
9.24193,7456080,46601,0.00010490126270316924
9.24406,7457680,46611,0.00010490840996274682
9.24582,7459280,46621,0.00010488797942402768
9.2476,7460880,46631,0.00010487641276826776
9.24939,7462480,46641,0.00010487334981656472
9.2514,7464080,46651,0.00010485974468999425
9.25317,7465680,46661,0.00010484366340379053
9.25495,7467280,46671,0.00010483596000181346
9.25673,7468880,46681,0.00010481187036952971
9.25879,7470480,46691,0.00010480867270221475
9.2606,7472080,46701,0.0001047982384105306
9.26239,7473680,46711,0.00010476726931769181
9.26423,7475280,46721,0.00010475921258379026
9.26629,7476880,46731,0.00010474624330360921
9.26804,7478480,46741,0.00010473773400461635
9.26985,7480080,46751,0.00010472189398186456
9.27164,7481680,46761,0.00010469571194919071
9.2737,7483280,46771,0.00010468078062655928
9.27546,7484880,46781,0.00010468201477941211
9.27722,7486480,46791,0.00010466010720428659
9.279,7488080,46801,0.00010463683347289136
9.28107,7489680,46811,0.00010462585476702681
9.28285,7491280,46821,0.0001046145599983301
9.28461,7492880,46831,0.00010460280647534015
9.28637,7494480,46841,0.00010458170195530928
9.28842,7496080,46851,0.00010455457172480094
9.29016,7497680,46861,0.00010456565747143758
9.29191,7499280,46871,0.00010454162597141846
9.29372,7500880,46881,0.0001045172672936058
9.29581,7502480,46891,0.00010449565446757347
9.29761,7504080,46901,0.00010447463185761854
9.29938,7505680,46911,0.00010446214765109409
9.30116,7507280,46921,0.00010445148830306311
9.30315,7508880,46931,0.00010441944922410899
9.30492,7510480,46941,0.00010439823727853396
9.30667,7512080,46951,0.00010438760107636669
9.30845,7513680,46961,0.00010436750977732383
9.31054,7515280,46971,0.00010434391350721064
9.31232,7516880,46981,0.00010431663371212978
9.3141,7518480,46991,0.0001042984814008021
9.31592,7520080,47001,0.00010428795274556972
9.31795,7521680,47011,0.00010425911969986698
9.31977,7523280,47021,0.00010422862132482107
9.32156,7524880,47031,0.0001042136548815107
9.32334,7526480,47041,0.00010418226761537037
9.32537,7528080,47051,0.00010416388953128977
9.32719,7529680,47061,0.00010414492560075449
9.32898,7531280,47071,0.00010411266220867153
9.33083,7532880,47081,0.00010410010254595543
9.3329,7534480,47091,0.00010408443206138922
9.3347,7536080,47101,0.00010404180296005178
9.33654,7537680,47111,0.00010402287419780665
9.33834,7539280,47121,0.00010400170760201978
9.34041,7540880,47131,0.00010398278782135402
9.34223,7542480,47141,0.00010396263201240333
9.34402,7544080,47151,0.0001039278565714355
9.34583,7545680,47161,0.00010390507931444873
9.34766,7547280,47171,0.00010389840869706041
9.34969,7548880,47181,0.00010386956515497439
9.35153,7550480,47191,0.00010382869799831738
9.35338,7552080,47201,0.00010380515130538857
9.3552,7553680,47211,0.00010378369588355009
9.35721,7555280,47221,0.00010377328503956111
9.35896,7556880,47231,0.00010375664402850239
9.36072,7558480,47241,0.00010373227914705144
9.36252,7560080,47251,0.00010372354860769054
9.36459,7561680,47261,0.00010371907227860536
9.36639,7563280,47271,0.00010368645636471725
9.36823,7564880,47281,0.00010367426777372832
9.37,7566480,47291,0.00010365096756582981
9.37203,7568080,47301,0.00010363667049489295
9.37382,7569680,47311,0.00010362788241557314
9.3756,7571280,47321,0.00010360138565152117
9.37748,7572880,47331,0.00010358680253109986
9.37954,7574480,47341,0.00010357301893171994
9.3813,7576080,47351,0.00010354991390138478
9.38308,7577680,47361,0.00010352156774811813
9.38484,7579280,47371,0.00010350790068405086
9.38681,7580880,47381,0.00010349690553161303
9.38859,7582480,47391,0.00010348484784056082
9.39035,7584080,47401,0.00010346141497513499
9.39212,7585680,47411,0.00010343338876693704
9.39419,7587280,47421,0.00010341402421508959
9.39594,7588880,47431,0.0001033901761749393
9.3977,7590480,47441,0.00010337543333767234
9.39952,7592080,47451,0.00010334773346981282
9.40153,7593680,47461,0.00010331485432937999
9.40331,7595280,47471,0.00010330131861269187
9.40506,7596880,47481,0.0001032878334385496
9.40682,7598480,47491,0.0001032483406293791
9.40886,7600080,47501,0.00010323100866979629
9.41067,7601680,47511,0.00010320815325284491
9.41244,7603280,47521,0.00010319651886135303
9.41424,7604880,47531,0.00010318806242267178
9.41626,7606480,47541,0.00010316668381442004
9.41801,7608080,47551,0.0001031411971944736
9.4198,7609680,47561,0.00010313851036680352
9.42157,7611280,47571,0.00010312261252889109
9.42359,7612880,47581,0.00010309823152540414
9.42538,7614480,47591,0.0001030857668432375
9.42721,7616080,47601,0.00010306592057891459
9.42902,7617680,47611,0.00010305683953323701
9.43105,7619280,47621,0.00010304418877740522
9.43281,7620880,47631,0.00010301735657531827
9.43461,7622480,47641,0.00010300483770583034
9.43638,7624080,47651,0.00010299842450669713
9.43836,7625680,47661,0.00010297660598453454
9.44012,7627280,47671,0.00010295464435139227
9.44187,7628880,47681,0.00010293811672934354
9.44366,7630480,47691,0.00010292334625570422
9.44575,7632080,47701,0.00010292460677349333
9.44753,7633680,47711,0.0001029196397176746
9.4493,7635280,47721,0.00010292304189392192
9.4511,7636880,47731,0.00010293261262343291
9.45309,7638480,47741,0.00010293200733621326
9.45489,7640080,47751,0.00010292645650212921
9.45668,7641680,47761,0.00010293312713549434
9.45848,7643280,47771,0.00010292980155823805
9.46055,7644880,47781,0.00010293611870855826
9.46233,7646480,47791,0.00010294193717118143
9.46411,7648080,47801,0.0001029324429846247
9.46592,7649680,47811,0.0001029447579325507
9.46793,7651280,47821,0.00010295019823273674
9.46969,7652880,47831,0.00010294638903745115
9.4715,7654480,47841,0.00010294610410458739
9.47327,7656080,47851,0.00010294066490831172
9.47528,7657680,47861,0.00010293437485662214
9.47712,7659280,47871,0.00010294671431727159
9.47895,7660880,47881,0.00010293670208018357
9.48076,7662480,47891,0.00010293943094048623
9.48287,7664080,47901,0.00010294764462213078
9.48466,7665680,47911,0.0001029424102726717
9.48668,7667280,47921,0.00010294167666483577
9.48903,7668880,47931,0.00010293922189350858
9.49105,7670480,47941,0.00010293015993320317
9.49282,7672080,47951,0.00010293348218983617
9.49463,7673680,47961,0.00010293937869684452
9.49644,7675280,47971,0.00010292622773493826
9.49852,7676880,47981,0.00010292707528531536
9.50027,7678480,47991,0.00010292122349434864
9.50204,7680080,48001,0.00010291996505993467
9.5038,7681680,48011,0.00010292549834146382
9.50581,7683280,48021,0.00010290957069402848
9.50758,7684880,48031,0.00010290834168212581
9.50937,7686480,48041,0.0001029158425817911
9.5112,7688080,48051,0.00010290823347702122
9.51323,7689680,48061,0.00010289592300697509
9.51499,7691280,48071,0.00010289727102179812
9.51674,7692880,48081,0.00010288801475145937
9.51851,7694480,48091,0.00010288658708800837
9.52053,7696080,48101,0.00010288160322658065
9.52228,7697680,48111,0.00010287346150324173
9.52403,7699280,48121,0.00010286778761059781
9.52581,7700880,48131,0.00010286550751475478
9.52764,7702480,48141,0.00010285292154041219
9.52962,7704080,48151,0.00010284982473294027
9.53138,7705680,48161,0.00010283688661448
9.53316,7707280,48171,0.00010283611962778362
9.53492,7708880,48181,0.00010284418845047869
9.53691,7710480,48191,0.00010283767889971047
9.53869,7712080,48201,0.00010284042390058291
9.54048,7713680,48211,0.00010284506258454243
9.54226,7715280,48221,0.0001028418448235733
9.54433,7716880,48231,0.00010284236399397961
9.54609,7718480,48241,0.00010284889642826929
9.54787,7720080,48251,0.00010284099830670627
9.54966,7721680,48261,0.00010284852284124686
9.55165,7723280,48271,0.00010285612182589672
9.55339,7724880,48281,0.00010284728163707096
9.55517,7726480,48291,0.00010284226647122065
9.55693,7728080,48301,0.00010283953645043482
9.55892,7729680,48311,0.00010284709701419842
9.56069,7731280,48321,0.00010285516747009227
9.56248,7732880,48331,0.00010285512438504285
9.56428,7734480,48341,0.00010286015608868514
9.56628,7736080,48351,0.00010287482230651214
9.56802,7737680,48361,0.00010286964980111939
9.56976,7739280,48371,0.00010287199012972217
9.57152,7740880,48381,0.00010287646124988725
9.57352,7742480,48391,0.0001028627231279243
9.57527,7744080,48401,0.0001028774000031308
9.57706,7745680,48411,0.00010287330528941166
9.57884,7747280,48421,0.00010286480055277623
9.58085,7748880,48431,0.00010286170631522602
9.58259,7750480,48441,0.00010286290831438942
9.58435,7752080,48451,0.00010285967766164757
9.58611,7753680,48461,0.00010287578555782419
9.58811,7755280,48471,0.00010286963725459133
9.58987,7756880,48481,0.00010286511054634351
9.59166,7758480,48491,0.00010287610348846954
9.59345,7760080,48501,0.00010286376932054642
9.59549,7761680,48511,0.0001028628999021515
9.59725,7763280,48521,0.00010286723611982289
9.59902,7764880,48531,0.00010287163681746772
9.60081,7766480,48541,0.00010286370009011427
9.60282,7768080,48551,0.00010286096073029542
9.60456,7769680,48561,0.00010286024989900056
9.60635,7771280,48571,0.00010286721806107915
9.60811,7772880,48581,0.00010286738410161464
9.61013,7774480,48591,0.00010285736026255897
9.61191,7776080,48601,0.00010286572889237067
9.61379,7777680,48611,0.00010285972510839202
9.61565,7779280,48621,0.00010286519629163979
9.61776,7780880,48631,0.00010286634319840726
9.61955,7782480,48641,0.00010285184743737998
9.62139,7784080,48651,0.00010285519250249897
9.62322,7785680,48661,0.00010286347098913476
9.62539,7787280,48671,0.00010284896099953256
9.62725,7788880,48681,0.00010284125130014671
9.62908,7790480,48691,0.00010284612146077045
9.63092,7792080,48701,0.00010283738305498849
9.63299,7793680,48711,0.00010284005718318341
9.63476,7795280,48721,0.00010283647323694987
9.63656,7796880,48731,0.00010282338760968235
9.63837,7798480,48741,0.00010282594317326428
9.64045,7800080,48751,0.00010282542964439728
9.64221,7801680,48761,0.0001028171003709371
9.64403,7803280,48771,0.00010281759074159437
9.64586,7804880,48781,0.00010281424476782548
9.64792,7806480,48791,0.00010281533964317212
9.64968,7808080,48801,0.00010281634894486642
9.65146,7809680,48811,0.0001027918432554252
9.65325,7811280,48821,0.00010278398871111684
9.6554,7812880,48831,0.00010278750951439944
9.65721,7814480,48841,0.00010277216625020902
9.65907,7816080,48851,0.00010275901037221612
9.66095,7817680,48861,0.00010275873113665956
9.66301,7819280,48871,0.00010274468446852883
9.66481,7820880,48881,0.00010274424690952244
9.66664,7822480,48891,0.00010273190667773463
9.66846,7824080,48901,0.00010272398811253178
9.67053,7825680,48911,0.00010272294596622503
9.67234,7827280,48921,0.0001027098114405045
9.67414,7828880,48931,0.00010270011644080042
9.67596,7830480,48941,0.00010269556925167518
9.67806,7832080,48951,0.00010268166566354715
9.67983,7833680,48961,0.00010267431012117752
9.6816,7835280,48971,0.0001026749377093239
9.68337,7836880,48981,0.0001026588829048207
9.68542,7838480,48991,0.00010264068770051045
9.68718,7840080,49001,0.000102636915218942
9.68894,7841680,49011,0.00010262824962897939
9.69072,7843280,49021,0.00010261995938094966
9.69273,7844880,49031,0.00010260141758864673
9.6945,7846480,49041,0.000102585606516244
9.69627,7848080,49051,0.00010258502187741013
9.69804,7849680,49061,0.00010257458446915474
9.70006,7851280,49071,0.00010256336609127531
9.7018,7852880,49081,0.00010255581035277864
9.70355,7854480,49091,0.00010254160665505892
9.70534,7856080,49101,0.00010253667982513572
9.7071,7857680,49111,0.00010252558877976367
9.70909,7859280,49121,0.00010249495556923297
9.71087,7860880,49131,0.00010249091272602866
9.71265,7862480,49141,0.00010248714087229653
9.71443,7864080,49151,0.00010246552655125349
9.71642,7865680,49161,0.000102446814082802
9.71818,7867280,49171,0.00010243368145279423
9.71993,7868880,49181,0.00010241835685731449
9.72171,7870480,49191,0.00010241611969742659
9.72371,7872080,49201,0.00010239827149237032
9.72546,7873680,49211,0.00010237442354613623
9.72728,7875280,49221,0.0001023625047099231
9.72913,7876880,49231,0.00010235209304507685
9.73117,7878480,49241,0.00010233113549878471
9.73295,7880080,49251,0.00010232030392216124
9.73474,7881680,49261,0.00010229360362977967
9.73652,7883280,49271,0.00010227842757124482
9.73854,7884880,49281,0.0001022704161360282
9.74034,7886480,49291,0.00010223950023803031
9.74213,7888080,49301,0.00010222341598862053
9.74396,7889680,49311,0.00010220774848916127
9.74601,7891280,49321,0.00010219102281824356
9.74779,7892880,49331,0.00010217529673360246
9.74962,7894480,49341,0.00010215545221246326
9.75144,7896080,49351,0.00010213129456774182
9.75342,7897680,49361,0.00010212730424199491
9.75522,7899280,49371,0.00010211972833038506
9.757,7900880,49381,0.00010211290910898743
9.75877,7902480,49391,0.00010212128429951464
9.76078,7904080,49401,0.00010211896813650673
9.76255,7905680,49411,0.00010212097482654309
9.7644,7907280,49421,0.00010212225232245249
9.76618,7908880,49431,0.00010211474864308366
9.76828,7910480,49441,0.00010211927630991366
9.77007,7912080,49451,0.00010212584004205133
9.77189,7913680,49461,0.00010211757905229102
9.77368,7915280,49471,0.00010211931708870026
9.7758,7916880,49481,0.00010211482091409228
9.77758,7918480,49491,0.00010210897066077577
9.77937,7920080,49501,0.00010211548709339324
9.78117,7921680,49511,0.00010210281600285358
9.78321,7923280,49521,0.00010209741875276054
9.78497,7924880,49531,0.00010210509375553796
9.78673,7926480,49541,0.00010209983073686951
9.78854,7928080,49551,0.00010210033253107813
9.79056,7929680,49561,0.0001021012112420415
9.79235,7931280,49571,0.0001020899816127404
9.79416,7932880,49581,0.00010209355676529287
9.79596,7934480,49591,0.00010209690861707858
9.79801,7936080,49601,0.00010208631661697345
9.79977,7937680,49611,0.00010209160031892858
9.80154,7939280,49621,0.00010208949658676962
9.80338,7940880,49631,0.00010208179863527116
9.80542,7942480,49641,0.00010208423005630442
9.80721,7944080,49651,0.00010207523703193756
9.809,7945680,49661,0.00010206577810493132
9.81085,7947280,49671,0.00010207033974359882
9.81289,7948880,49681,0.0001020531305958132
9.81468,7950480,49691,0.00010205870953993411
9.81647,7952080,49701,0.00010206136174846156
9.81826,7953680,49711,0.00010205534225139236
9.82033,7955280,49721,0.00010204957706372655
9.82213,7956880,49731,0.00010204997080233251
9.82395,7958480,49741,0.00010205055496837617
9.82578,7960080,49751,0.00010204810319258857
9.82791,7961680,49761,0.00010205573046082744
9.82973,7963280,49771,0.00010204723625283248
9.83153,7964880,49781,0.00010205248880987977
9.83338,7966480,49791,0.00010204555822833361
9.83543,7968080,49801,0.00010205704441286143
9.83722,7969680,49811,0.00010206265404605341
9.83902,7971280,49821,0.00010205068612321316
9.84085,7972880,49831,0.00010205406889710229
9.84291,7974480,49841,0.0001020638980757712
9.8447,7976080,49851,0.00010205877504040027
9.84647,7977680,49861,0.00010205233722397448
9.84827,7979280,49871,0.00010205395805780969
9.8503,7980880,49881,0.00010204840093036745
9.85206,7982480,49891,0.00010205063419552358
9.85383,7984080,49901,0.00010205045388581198
9.85562,7985680,49911,0.00010203246304199207
9.85764,7987280,49921,0.00010203154532052901
9.8594,7988880,49931,0.00010203392806465081
9.86116,7990480,49941,0.00010203194066867732
9.86293,7992080,49951,0.00010203451246685973
9.86499,7993680,49961,0.0001020238412736442
9.8668,7995280,49971,0.00010202505475982726
9.86858,7996880,49981,0.0001020315939744363
9.87036,7998480,49991,0.00010201900819613481
9.87241,8000080,50001,0.00010201322258710475
9.87421,8001680,50011,0.00010201841535508946
9.876,8003280,50021,0.00010200530086297913
9.87782,8004880,50031,0.00010200513212301442
9.87992,8006480,50041,0.00010199730250300305
9.8817,8008080,50051,0.00010198409781369058
9.88349,8009680,50061,0.0001019981829800086
9.88527,8011280,50071,0.00010199655296999621
9.8873,8012880,50081,0.00010197718852873912
9.88905,8014480,50091,0.00010197321711727554
9.89083,8016080,50101,0.0001019694065338226
9.8926,8017680,50111,0.00010196556202369741
9.89439,8019280,50121,0.00010196928689203653
9.89643,8020880,50131,0.00010196034653302266
9.89821,8022480,50141,0.00010195331167325156
9.89999,8024080,50151,0.00010195433202702525
9.90175,8025680,50161,0.00010193996719493753
9.90375,8027280,50171,0.00010193308119284088
9.90549,8028880,50181,0.00010192837073619114
9.90728,8030480,50191,0.00010191346521742223
9.9091,8032080,50201,0.00010191466305756354
9.9111,8033680,50211,0.00010191037746749149
9.91286,8035280,50221,0.0001018929101251672
9.91466,8036880,50231,0.00010188766593403724
9.91644,8038480,50241,0.00010188419656713063
9.91844,8040080,50251,0.00010187839583067348
9.92019,8041680,50261,0.00010186752471351077
9.92196,8043280,50271,0.00010185301173578319
9.92374,8044880,50281,0.00010184772922615729
9.92574,8046480,50291,0.00010185597356063801
9.92751,8048080,50301,0.00010184131672205145
9.9293,8049680,50311,0.00010183245587372727
9.93107,8051280,50321,0.00010182641660978937
9.93311,8052880,50331,0.00010182422511021381
9.93489,8054480,50341,0.00010182343772262986
9.93666,8056080,50351,0.00010181602138785786
9.93844,8057680,50361,0.00010180100015707606
9.94048,8059280,50371,0.00010180118863676278
9.94225,8060880,50381,0.00010179863776152431
9.94403,8062480,50391,0.00010178542656994437
9.94585,8064080,50401,0.00010178563847576885
9.94786,8065680,50411,0.00010177389680544012
9.94962,8067280,50421,0.00010177235120620298
9.95141,8068880,50431,0.00010177126343628544
9.9532,8070480,50441,0.00010174993601434236
9.95523,8072080,50451,0.00010174641189731291
9.95697,8073680,50461,0.00010174735250348746
9.95873,8075280,50471,0.0001017434723620033
9.96051,8076880,50481,0.00010174489944432194
9.96254,8078480,50491,0.00010174255177357663
9.96429,8080080,50501,0.00010173251200703767
9.96604,8081680,50511,0.00010174064983662495
9.96782,8083280,50521,0.00010172935568638491
9.96984,8084880,50531,0.00010171730392675993
9.97158,8086480,50541,0.0001017238720412185
9.97335,8088080,50551,0.00010171961433154408
9.97512,8089680,50561,0.00010171673619416635
9.97712,8091280,50571,0.00010171981803346226
9.97888,8092880,50581,0.000101699847146983
9.98064,8094480,50591,0.00010169820400071465
9.98243,8096080,50601,0.00010170312733475892
9.98445,8097680,50611,0.00010168700018232425
9.9862,8099280,50621,0.0001016855434648311
9.98797,8100880,50631,0.00010168159144224344
9.98975,8102480,50641,0.00010168033403835756
9.99182,8104080,50651,0.00010168146901902257
9.9936,8105680,50661,0.00010166542084172163
9.99538,8107280,50671,0.00010165771122770152
9.99716,8108880,50681,0.000101667447222141
9.99921,8110480,50691,0.00010166173719925592
10.001,8112080,50701,0.00010164657577095733
10.0027,8113680,50711,0.00010165348061916615
10.0045,8115280,50721,0.00010164634874330197
10.0065,8116880,50731,0.0001016439050372988
10.0083,8118480,50741,0.00010163531274582673
10.01,8120080,50751,0.00010162457701206641
10.0118,8121680,50761,0.00010162403328780462
10.0139,8123280,50771,0.00010162001721225611
10.0156,8124880,50781,0.00010161216676986967
10.0174,8126480,50791,0.00010160246902045367
10.0192,8128080,50801,0.00010159658759758064
10.0212,8129680,50811,0.00010158879529785329
10.023,8131280,50821,0.00010158637575295726
10.0247,8132880,50831,0.00010156946836822368
10.0265,8134480,50841,0.00010156184373594224
10.0286,8136080,50851,0.00010156495643195637
10.0303,8137680,50861,0.00010155235443460274
10.0321,8139280,50871,0.00010154480108191637
10.0339,8140880,50881,0.00010153754929963406
10.0359,8142480,50891,0.00010152736342516032
10.0376,8144080,50901,0.0001015321291089645
10.0394,8145680,50911,0.00010152244357267137
10.0412,8147280,50921,0.00010149694004758271
10.0433,8148880,50931,0.00010149456240077757
10.0451,8150480,50941,0.00010148137923151647
10.0469,8152080,50951,0.00010147672300938639
10.0487,8153680,50961,0.00010147592172838824
10.0507,8155280,50971,0.00010145535998754354
10.0525,8156880,50981,0.00010145000789106746
10.0543,8158480,50991,0.00010144980641332152
10.0562,8160080,51001,0.00010143128511289241
10.0582,8161680,51011,0.00010142377089380518
10.0601,8163280,51021,0.00010141530408674763
10.0619,8164880,51031,0.00010140578332866988
10.0637,8166480,51041,0.00010140046444251545
10.0657,8168080,51051,0.00010138697223714688
10.0675,8169680,51061,0.00010137440908209415
10.0692,8171280,51071,0.00010136967496349875
10.071,8172880,51081,0.00010136767511949654
10.0728,8174480,51091,0.000101349468115252
10.0749,8176080,51101,0.00010134636717727165
10.0766,8177680,51111,0.00010132596577795347
10.0784,8179280,51121,0.000101318878820221
10.0803,8180880,51131,0.00010131287195676991
10.0823,8182480,51141,0.00010129085292018628
10.0841,8184080,51151,0.00010128227781382518
10.0859,8185680,51161,0.00010127357103807168
10.0877,8187280,51171,0.00010126440349917352
10.0897,8188880,51181,0.00010125635317449061
10.0915,8190480,51191,0.0001012397752547297
10.0933,8192080,51201,0.00010122239931168592
10.0952,8193680,51211,0.00010122167165491427
10.0972,8195280,51221,0.000101206029012273
10.099,8196880,51231,0.00010120171576117123
10.1007,8198480,51241,0.00010118863409041244
10.1025,8200080,51251,0.000101166366644867
10.1046,8201680,51261,0.00010116006453198163
10.1064,8203280,51271,0.00010114911030636824
10.1082,8204880,51281,0.00010113138998169187
10.11,8206480,51291,0.00010113163245546557
10.1121,8208080,51301,0.00010111687103897364
10.1139,8209680,51311,0.00010109827731582914
10.1157,8211280,51321,0.00010108424676629445
10.1176,8212880,51331,0.00010106792942978816
10.1197,8214480,51341,0.00010105483890903572
10.1217,8216080,51351,0.00010105208741563801
10.124,8217680,51361,0.00010102827958769628
10.1261,8219280,51371,0.00010100736358744332
10.1285,8220880,51381,0.00010099745428229431
10.1305,8222480,51391,0.00010099157276497253
10.1325,8224080,51401,0.00010098427789729213
10.1344,8225680,51411,0.0001009675635102545
10.1368,8227280,51421,0.0001009481754220623
10.1387,8228880,51431,0.0001009379178961052
10.1407,8230480,51441,0.00010092771428664611
10.1426,8232080,51451,0.0001009084937658531
10.1449,8233680,51461,0.00010090237670848899
10.1469,8235280,51471,0.00010088719424193072
10.1488,8236880,51481,0.00010088184019356461
10.1507,8238480,51491,0.00010087176177786886
10.1531,8240080,51501,0.00010084376962355389
10.1551,8241680,51511,0.00010082986875262039
10.1571,8243280,51521,0.00010081995825106729
10.1591,8244880,51531,0.00010080857749440036
10.1614,8246480,51541,0.00010079215318640339
10.1633,8248080,51551,0.00010077045451803261
10.1652,8249680,51561,0.00010075311410979483
10.167,8251280,51571,0.00010075257956735674
10.1695,8252880,51581,0.00010072594004967468
10.1715,8254480,51591,0.0001007200244947104
10.1734,8256080,51601,0.00010070871413994653
10.1754,8257680,51611,0.00010069369672925654
10.1776,8259280,51621,0.00010068228874851246
10.1796,8260880,51631,0.00010066670036856969
10.1816,8262480,51641,0.00010063683073401226
10.1835,8264080,51651,0.00010063297214554442
10.1858,8265680,51661,0.00010062086938842502
10.1878,8267280,51671,0.00010059237388904824
10.1897,8268880,51681,0.00010058680748958188
10.1916,8270480,51691,0.0001005791076630954
10.1939,8272080,51701,0.00010057329726209999
10.1958,8273680,51711,0.00010056935840344235
10.1978,8275280,51721,0.00010054954213949314
10.1997,8276880,51731,0.00010054931282735616
10.2019,8278480,51741,0.00010055005212461152
10.2037,8280080,51751,0.00010053514996787548
10.2056,8281680,51761,0.00010052918234048323
10.2075,8283280,51771,0.00010052173814250123
10.2097,8284880,51781,0.00010051385542431818
10.2115,8286480,51791,0.0001005250074938846
10.2133,8288080,51801,0.00010051584616428341
10.2151,8289680,51811,0.0001004989661040883
10.2172,8291280,51821,0.00010049787210287056
10.219,8292880,51831,0.00010049100144074799
10.2208,8294480,51841,0.00010048899722069765
10.2227,8296080,51851,0.00010048870320216764
10.2247,8297680,51861,0.00010047906491604877
10.2264,8299280,51871,0.00010047687156862842
10.2282,8300880,51881,0.0001004791198178593
10.23,8302480,51891,0.00010046233542107715
10.232,8304080,51901,0.00010046535778900599
10.2338,8305680,51911,0.00010046035530055474
10.2355,8307280,51921,0.00010045729354928208
10.2373,8308880,51931,0.0001004540038676803
10.2393,8310480,51941,0.00010044425331919363
10.2411,8312080,51951,0.00010043212279137355
10.2428,8313680,51961,0.00010043887813226092
10.2446,8315280,51971,0.00010043039154552375
10.2467,8316880,51981,0.0001004208660657039
10.2486,8318480,51991,0.00010041883802457303
10.2504,8320080,52001,0.00010040451342430493
10.2522,8321680,52011,0.00010040570259035701
10.2543,8323280,52021,0.0001003994154331958
10.2562,8324880,52031,0.0001003853888127508
10.258,8326480,52041,0.0001003914939133703
10.2598,8328080,52051,0.00010038130748944371
10.262,8329680,52061,0.00010036898024356859
10.2641,8331280,52071,0.00010036351126398169
10.266,8332880,52081,0.0001003441081409897
10.2679,8334480,52091,0.00010034511638656353
10.2699,8336080,52101,0.0001003454308021838
10.2721,8337680,52111,0.00010033086522304516
10.2739,8339280,52121,0.000100321580278704
10.2758,8340880,52131,0.00010031356014295403
10.2777,8342480,52141,0.00010030275293114108
10.2799,8344080,52151,0.00010030141590569759
10.2817,8345680,52161,0.00010030182450776644
10.2835,8347280,52171,0.00010031098991873134
10.2853,8348880,52181,0.00010032725406549682
10.2873,8350480,52191,0.00010033254284196567
10.2891,8352080,52201,0.00010034158048062396
10.2909,8353680,52211,0.00010034806069878291
10.2927,8355280,52221,0.000100360217037564
10.2948,8356880,52231,0.0001003736995112154
10.2966,8358480,52241,0.00010038404876014026
10.2984,8360080,52251,0.0001003840501200056
10.3001,8361680,52261,0.00010039523871324153
10.3022,8363280,52271,0.00010040793042493876
10.304,8364880,52281,0.00010042369700887128
10.3057,8366480,52291,0.00010044211471258065
10.3075,8368080,52301,0.00010044803165649985
10.3096,8369680,52311,0.00010045905724819469
10.3114,8371280,52321,0.00010048343269168127
10.3132,8372880,52331,0.00010049134733388504
10.315,8374480,52341,0.00010050480066766017
10.3171,8376080,52351,0.00010051709703596742
10.3188,8377680,52361,0.00010052850158257833
10.3206,8379280,52371,0.00010055304230070436
10.3224,8380880,52381,0.00010055786151579905
10.3245,8382480,52391,0.00010056186092531443
10.3262,8384080,52401,0.00010058300660789783
10.328,8385680,52411,0.0001005979313319326
10.3298,8387280,52421,0.00010061324561415688
10.3319,8388880,52431,0.00010062612682341064
10.3336,8390480,52441,0.00010062610538295533
10.3354,8392080,52451,0.00010064201065398959
10.3372,8393680,52461,0.00010065490198059995
10.3392,8395280,52471,0.00010066527590460277
10.3409,8396880,52481,0.00010068124626224847
10.3427,8398480,52491,0.00010069276529262212
10.3445,8400080,52501,0.00010070496519101572
10.3466,8401680,52511,0.00010072242601324652
10.3484,8403280,52521,0.00010072987494939845
10.3502,8404880,52531,0.00010074438145445813
10.352,8406480,52541,0.00010076418680598533
10.354,8408080,52551,0.00010077039024022384
10.3558,8409680,52561,0.00010078750986504056
10.3576,8411280,52571,0.0001008006975898347
10.3594,8412880,52581,0.00010081056459276122
10.3615,8414480,52591,0.00010083164939738223
10.3632,8416080,52601,0.0001008343648054421
10.365,8417680,52611,0.00010083784440716691
10.3668,8419280,52621,0.00010086268028162981
10.3688,8420880,52631,0.00010087174156771586
10.3706,8422480,52641,0.00010087572767389884
10.3724,8424080,52651,0.00010088442928704935
10.3742,8425680,52661,0.00010089451689444633
10.3762,8427280,52671,0.00010091606152381159
10.378,8428880,52681,0.0001009287626051597
10.3798,8430480,52691,0.00010092395307300349
10.3816,8432080,52701,0.00010093811246120361
10.3837,8433680,52711,0.00010094882007051498
10.3855,8435280,52721,0.00010095882652968145
10.3872,8436880,52731,0.00010096838856715404
10.389,8438480,52741,0.00010096989057903523
10.3911,8440080,52751,0.00010098236265980443
10.3928,8441680,52761,0.00010099669864676794
10.3946,8443280,52771,0.00010100611233573864
10.3964,8444880,52781,0.00010101185171841262
10.3985,8446480,52791,0.0001010210688883479
10.4002,8448080,52801,0.00010101767836564329
10.402,8449680,52811,0.00010103803261225612
10.4038,8451280,52821,0.00010103602968184432
10.4058,8452880,52831,0.00010103748803135665
10.4076,8454480,52841,0.00010105464292109977
10.4094,8456080,52851,0.00010105807773968384
10.4112,8457680,52861,0.00010106567563209455
10.4132,8459280,52871,0.00010107382424406897
10.415,8460880,52881,0.00010107010087734986
10.4168,8462480,52891,0.00010108372927526005
10.4185,8464080,52901,0.00010108836999185751
10.4206,8465680,52911,0.00010108845543914391
10.4224,8467280,52921,0.00010110466007890069
10.4241,8468880,52931,0.00010110370392029701
10.4259,8470480,52941,0.00010112055985445935
10.4279,8472080,52951,0.00010112925377263847
10.4297,8473680,52961,0.00010113107656079846
10.4315,8475280,52971,0.00010113598582283875
10.4333,8476880,52981,0.00010114948655491444
10.4353,8478480,52991,0.00010115052381295085
10.4371,8480080,53001,0.00010115660350094348
10.4389,8481680,53011,0.00010115820155905814
10.4406,8483280,53021,0.00010116014715648956
10.4427,8484880,53031,0.00010117786129218258
10.4445,8486480,53041,0.00010116897743609951
10.4463,8488080,53051,0.00010117076630031425
10.4481,8489680,53061,0.00010118150063295576
10.4499,8491280,53071,0.00010118328877427828
10.452,8492880,53081,0.00010118896847563508
10.4538,8494480,53091,0.00010118727502465494
10.4556,8496080,53101,0.00010118411047176958
10.4574,8497680,53111,0.0001011916694617105
10.4594,8499280,53121,0.00010119303281662904
10.4612,8500880,53131,0.00010119193896829422
10.463,8502480,53141,0.0001011994909808911
10.4647,8504080,53151,0.00010119866867438522
10.4668,8505680,53161,0.00010120675078411669
10.4686,8507280,53171,0.00010121134174185739
10.4704,8508880,53181,0.00010120595600650838
10.4721,8510480,53191,0.00010121317021877935
10.4742,8512080,53201,0.00010121585777571156
10.476,8513680,53211,0.0001012192713295678
10.4778,8515280,53221,0.00010122629134656953
10.4796,8516880,53231,0.00010122164896477111
10.4816,8518480,53241,0.00010122451643232097
10.4833,8520080,53251,0.00010123770249983836
10.4851,8521680,53261,0.00010122585164936033
10.4868,8523280,53271,0.00010122562208579426
10.4889,8524880,53281,0.00010122615188743606
10.4907,8526480,53291,0.00010122525635928963
10.4924,8528080,53301,0.0001012381773119967
10.4942,8529680,53311,0.00010123008595702004
10.4962,8531280,53321,0.00010122130409245637
10.4979,8532880,53331,0.00010122478639732792
10.4997,8534480,53341,0.00010122285945365732
10.5015,8536080,53351,0.00010122063443021405
10.5035,8537680,53361,0.00010122068583668167
10.5052,8539280,53371,0.00010121215768888782
10.507,8540880,53381,0.00010121439140026861
10.5087,8542480,53391,0.00010120927725337271
10.5108,8544080,53401,0.00010120184812914719
10.5125,8545680,53411,0.00010121363040715287
10.5143,8547280,53421,0.00010120897338418942
10.516,8548880,53431,0.00010120707835838127
10.518,8550480,53441,0.00010120442933672473
10.5198,8552080,53451,0.00010119431506934971
10.5215,8553680,53461,0.00010120070751406043
10.5233,8555280,53471,0.00010120455896019988
10.5253,8556880,53481,0.0001011922620281578
10.5271,8558480,53491,0.00010119541574048381
10.5288,8560080,53501,0.00010118447553399655
10.5306,8561680,53511,0.00010118841530108898
10.5326,8563280,53521,0.00010119204815485852
10.5344,8564880,53531,0.0001011788515098977
10.5361,8566480,53541,0.00010117613468254606
10.5379,8568080,53551,0.00010117807180509523
10.5399,8569680,53561,0.00010117601286911693
10.5416,8571280,53571,0.00010116673526435263
10.5434,8572880,53581,0.00010115846803865694
10.5451,8574480,53591,0.00010115391997886705
10.5471,8576080,53601,0.00010116119053508489
10.5489,8577680,53611,0.0001011530288490374
10.5506,8579280,53621,0.00010114374085998072
10.5524,8580880,53631,0.00010114327418961518
10.5544,8582480,53641,0.00010113082237499932
10.5561,8584080,53651,0.00010113076854540055
10.5578,8585680,53661,0.00010112237061651874
10.5596,8587280,53671,0.00010110677236182045
10.5616,8588880,53681,0.00010111072055128852
10.5634,8590480,53691,0.00010110670900130743
10.5651,8592080,53701,0.00010109408184464166
10.5669,8593680,53711,0.00010108009355499527
10.5689,8595280,53721,0.00010106537880914465
10.5706,8596880,53731,0.00010106941756769967
10.5724,8598480,53741,0.00010106412213349222
10.5742,8600080,53751,0.00010105032733911772
10.5762,8601680,53761,0.0001010423269447256
10.578,8603280,53771,0.00010103585759304798
10.5797,8604880,53781,0.0001010239319592151
10.5815,8606480,53791,0.00010102307430025388
10.5835,8608080,53801,0.00010100744586295264
10.5853,8609680,53811,0.00010100853605037215
10.5871,8611280,53821,0.00010100511248100838
10.5889,8612880,53831,0.0001009880927836989
10.5909,8614480,53841,0.0001009787149820196
10.5927,8616080,53851,0.00010097123906017275
10.5944,8617680,53861,0.0001009579281408303
10.5962,8619280,53871,0.00010095949428033657
10.5982,8620880,53881,0.00010093760545584925
10.6,8622480,53891,0.00010092448464140563
10.6018,8624080,53901,0.00010091650563118053
10.6035,8625680,53911,0.00010090194764175199
10.6056,8627280,53921,0.00010089287795535078
10.6073,8628880,53931,0.00010088145816321455
10.6091,8630480,53941,0.000100861949585071
10.6108,8632080,53951,0.00010086203430744074
10.6128,8633680,53961,0.00010084437335269349
10.6146,8635280,53971,0.00010083142124312112
10.6165,8636880,53981,0.00010083006383984627
10.6183,8638480,53991,0.00010081036546772705
10.6204,8640080,54001,0.00010079884007846429
10.6222,8641680,54011,0.00010078790743129132
10.624,8643280,54021,0.0001007729674795902
10.6259,8644880,54031,0.0001007605682922675
10.6277,8646480,54041,0.00010074717452803958
10.6298,8648080,54051,0.00010073138419141106
10.6315,8649680,54061,0.00010072327719792308
10.6333,8651280,54071,0.00010070396972231693
10.6351,8652880,54081,0.00010069719666650975
10.6371,8654480,54091,0.00010068232801225402
10.6389,8656080,54101,0.00010066448023973718
10.6407,8657680,54111,0.000100651674751406
10.6425,8659280,54121,0.00010063625677253323
10.6445,8660880,54131,0.00010062508714842044
10.6462,8662480,54141,0.00010061531007007386
10.648,8664080,54151,0.00010059171833258669
10.6497,8665680,54161,0.00010057691251962562
10.6517,8667280,54171,0.00010057057370382004
10.6535,8668880,54181,0.00010054502586172819
10.6553,8670480,54191,0.00010054165078752196
10.6571,8672080,54201,0.00010051800821617163
10.6592,8673680,54211,0.00010050184406861992
10.661,8675280,54221,0.00010049305637710622
10.6628,8676880,54231,0.00010046227787370576
10.6646,8678480,54241,0.00010045832070197831
10.6667,8680080,54251,0.00010045013493036568
10.6685,8681680,54261,0.00010044495709183796
10.6703,8683280,54271,0.00010044098383452972
10.6721,8684880,54281,0.00010042593816234416
10.6743,8686480,54291,0.00010042111999196933
10.6761,8688080,54301,0.00010042055559576421
10.6779,8689680,54311,0.00010040135721743094
10.6797,8691280,54321,0.00010038760902573995
10.6818,8692880,54331,0.0001003817221910102
10.6835,8694480,54341,0.00010036571027297221
10.6853,8696080,54351,0.00010036655405952673
10.6871,8697680,54361,0.00010034607515630074
10.6891,8699280,54371,0.0001003361402859386
10.6908,8700880,54381,0.00010033428588852346
10.6926,8702480,54391,0.00010031448110540617
10.6944,8704080,54401,0.00010029879594976483
10.6964,8705680,54411,0.00010028772268570914
10.6981,8707280,54421,0.00010028426995878359
10.6999,8708880,54431,0.00010028388490677595
10.7016,8710480,54441,0.0001002683612357641
10.7036,8712080,54451,0.00010025301159522805
10.7054,8713680,54461,0.00010024579375334831
10.7071,8715280,54471,0.00010023106372629258
10.7089,8716880,54481,0.00010022338870263083
10.7109,8718480,54491,0.00010020501610693254
10.7127,8720080,54501,0.00010018975811497931
10.7144,8721680,54511,0.00010018606859924992
10.7162,8723280,54521,0.00010016888568558681
10.7182,8724880,54531,0.0001001480025974652
10.7199,8726480,54541,0.00010013769649004113
10.7217,8728080,54551,0.00010012334216116629
10.7234,8729680,54561,0.00010011209157961137
10.7254,8731280,54571,0.00010009928792090346
10.7272,8732880,54581,0.00010007791412650069
10.729,8734480,54591,0.00010007291918230458
10.7308,8736080,54601,0.00010006010640501058
10.7328,8737680,54611,0.00010004001560649789
10.7346,8739280,54621,0.00010002702238716236
10.7363,8740880,54631,0.00010000598935474593
10.7381,8742480,54641,9.999246794597898e-5
10.7401,8744080,54651,9.998075289211102e-5
10.7418,8745680,54661,9.99627665186336e-5
10.7436,8747280,54671,9.994954298800374e-5
10.7454,8748880,54681,9.992808114680889e-5
10.7474,8750480,54691,9.99204604810143e-5
